,user_id,order_id,correct,skill_name,correct_predictions,state_predictions
0,01175ec7-6f96-4f5a-8343-624ac34fd655,1,1,0,0.5752589496244679,0.6086272663221797
1,01175ec7-6f96-4f5a-8343-624ac34fd655,2,0,0,0.6308734268570582,0.760396353933547
2,01175ec7-6f96-4f5a-8343-624ac34fd655,3,1,0,0.5646182718829909,0.5795893964589668
3,01909b41-776d-4ea3-b7a1-89880f9aa0c8,1,1,0,0.5752589496244679,0.6086272663221797
4,01909b41-776d-4ea3-b7a1-89880f9aa0c8,2,1,0,0.6308734268570582,0.760396353933547
5,01909b41-776d-4ea3-b7a1-89880f9aa0c8,3,0,0,0.6696599176647287,0.8662427201037801
6,01909b41-776d-4ea3-b7a1-89880f9aa0c8,4,1,0,0.6225757041697492,0.7377522895788963
7,01909b41-776d-4ea3-b7a1-89880f9aa0c8,5,0,0,0.6643127628112862,0.8516506057154766
8,01909b41-776d-4ea3-b7a1-89880f9aa0c8,6,1,0,0.6137896901826824,0.713775703033254
9,01909b41-776d-4ea3-b7a1-89880f9aa0c8,7,1,0,0.6584933605194241,0.8357697520200319
10,01909b41-776d-4ea3-b7a1-89880f9aa0c8,8,1,0,0.686487713884727,0.9121649224853308
11,01909b41-776d-4ea3-b7a1-89880f9aa0c8,9,0,0,0.7021618826686276,0.9549389341055493
12,0281beb5-c599-4da7-865f-af93088acfd9,1,1,0,0.5752589496244679,0.6086272663221797
13,0281beb5-c599-4da7-865f-af93088acfd9,2,1,0,0.6308734268570582,0.760396353933547
14,0281beb5-c599-4da7-865f-af93088acfd9,3,1,0,0.6696599176647287,0.8662427201037801
15,0281beb5-c599-4da7-865f-af93088acfd9,4,1,0,0.6928970321169574,0.9296556268616097
16,083c6d41-3827-4a48-9959-eeb1507b9b73,1,1,0,0.5752589496244679,0.6086272663221797
17,083c6d41-3827-4a48-9959-eeb1507b9b73,2,1,0,0.6308734268570582,0.760396353933547
18,083c6d41-3827-4a48-9959-eeb1507b9b73,3,1,0,0.6696599176647287,0.8662427201037801
19,083c6d41-3827-4a48-9959-eeb1507b9b73,4,1,0,0.6928970321169574,0.9296556268616097
20,083c6d41-3827-4a48-9959-eeb1507b9b73,5,1,0,0.7055723085348765,0.9642458133183507
21,083c6d41-3827-4a48-9959-eeb1507b9b73,6,1,0,0.7121344480325752,0.9821535591770246
22,083c6d41-3827-4a48-9959-eeb1507b9b73,7,0,0,0.7154399710407646,0.9911741638108357
23,0a66dfe0-1059-4b3d-b563-3fc4e7d78d7e,1,1,0,0.5752589496244679,0.6086272663221797
24,0a66dfe0-1059-4b3d-b563-3fc4e7d78d7e,2,1,0,0.6308734268570582,0.760396353933547
25,0a66dfe0-1059-4b3d-b563-3fc4e7d78d7e,3,1,0,0.6696599176647287,0.8662427201037801
26,0a66dfe0-1059-4b3d-b563-3fc4e7d78d7e,4,1,0,0.6928970321169574,0.9296556268616097
27,0a66dfe0-1059-4b3d-b563-3fc4e7d78d7e,5,1,0,0.7055723085348765,0.9642458133183507
28,0a66dfe0-1059-4b3d-b563-3fc4e7d78d7e,6,1,0,0.7121344480325752,0.9821535591770246
29,0a66dfe0-1059-4b3d-b563-3fc4e7d78d7e,7,1,0,0.7154399710407646,0.9911741638108357
30,0e51fa23-7a55-4ac0-b293-e74517b0d2e0,1,0,0,0.5752589496244679,0.6086272663221797
31,0e51fa23-7a55-4ac0-b293-e74517b0d2e0,2,1,0,0.499985386711561,0.4032095309945493
32,0e51fa23-7a55-4ac0-b293-e74517b0d2e0,3,0,0,0.5646334722780506,0.5796308775661235
33,13919707-0152-4ccd-a986-ac0205b012f3,1,1,0,0.5752589496244679,0.6086272663221797
34,13919707-0152-4ccd-a986-ac0205b012f3,2,1,0,0.6308734268570582,0.760396353933547
35,13919707-0152-4ccd-a986-ac0205b012f3,3,1,0,0.6696599176647287,0.8662427201037801
36,13919707-0152-4ccd-a986-ac0205b012f3,4,1,0,0.6928970321169574,0.9296556268616097
37,1750c163-060c-4776-a46f-ecbcfe983fb5,1,0,0,0.5752589496244679,0.6086272663221797
38,1750c163-060c-4776-a46f-ecbcfe983fb5,2,0,0,0.499985386711561,0.4032095309945493
39,1750c163-060c-4776-a46f-ecbcfe983fb5,3,0,0,0.4354049807995527,0.22697287876735428
40,17a87269-60f5-483d-bcc3-c901f69d4fc6,1,1,0,0.5752589496244679,0.6086272663221797
41,17a87269-60f5-483d-bcc3-c901f69d4fc6,2,0,0,0.6308734268570582,0.760396353933547
42,17a87269-60f5-483d-bcc3-c901f69d4fc6,3,1,0,0.5646182718829909,0.5795893964589668
43,17a87269-60f5-483d-bcc3-c901f69d4fc6,4,0,0,0.6225816190653655,0.737768431029031
44,17a87269-60f5-483d-bcc3-c901f69d4fc6,5,0,0,0.553773607914622,0.5499948585287118
45,17a87269-60f5-483d-bcc3-c901f69d4fc6,6,0,0,0.4793302531911094,0.34684271924192706
46,17a87269-60f5-483d-bcc3-c901f69d4fc6,7,0,0,0.4209489788903701,0.18752318276303478
47,17a87269-60f5-483d-bcc3-c901f69d4fc6,8,0,0,0.3856664565103053,0.09123896871108342
48,198bd6e6-29aa-4c5d-bd8e-b6b05f8dcdd2,1,1,0,0.5752589496244679,0.6086272663221797
49,1b3d457c-f57f-4572-b95d-b9d4e7a9cfd0,1,1,0,0.5752589496244679,0.6086272663221797
50,1b3d457c-f57f-4572-b95d-b9d4e7a9cfd0,2,0,0,0.6308734268570582,0.760396353933547
51,1b3d457c-f57f-4572-b95d-b9d4e7a9cfd0,3,1,0,0.5646182718829909,0.5795893964589668
52,1b3d457c-f57f-4572-b95d-b9d4e7a9cfd0,4,0,0,0.6225816190653655,0.737768431029031
53,1b3d457c-f57f-4572-b95d-b9d4e7a9cfd0,5,0,0,0.553773607914622,0.5499948585287118
54,1b3d457c-f57f-4572-b95d-b9d4e7a9cfd0,6,0,0,0.4793302531911094,0.34684271924192706
55,1b3d457c-f57f-4572-b95d-b9d4e7a9cfd0,7,1,0,0.4209489788903701,0.18752318276303478
56,1b3d457c-f57f-4572-b95d-b9d4e7a9cfd0,8,0,0,0.46958641614439134,0.3202522821471115
57,1e24a090-1ccb-49e6-8b75-2b4a7446b52c,1,1,0,0.5752589496244679,0.6086272663221797
58,1e24a090-1ccb-49e6-8b75-2b4a7446b52c,2,1,0,0.6308734268570582,0.760396353933547
59,1e24a090-1ccb-49e6-8b75-2b4a7446b52c,3,0,0,0.6696599176647287,0.8662427201037801
60,1e24a090-1ccb-49e6-8b75-2b4a7446b52c,4,1,0,0.6225757041697492,0.7377522895788963
61,1e24a090-1ccb-49e6-8b75-2b4a7446b52c,5,1,0,0.6643127628112862,0.8516506057154766
62,1e24a090-1ccb-49e6-8b75-2b4a7446b52c,6,1,0,0.6898547876610598,0.9213534960435618
63,1e24a090-1ccb-49e6-8b75-2b4a7446b52c,7,1,0,0.7039614182113972,0.9598497753296457
64,1e24a090-1ccb-49e6-8b75-2b4a7446b52c,8,0,0,0.7113135790690179,0.9799134494098046
65,1f38c596-70c8-41ff-ad61-8e3314c9928e,1,1,0,0.5752589496244679,0.6086272663221797
66,1f38c596-70c8-41ff-ad61-8e3314c9928e,2,1,0,0.6308734268570582,0.760396353933547
67,1f38c596-70c8-41ff-ad61-8e3314c9928e,3,0,0,0.6696599176647287,0.8662427201037801
68,1f38c596-70c8-41ff-ad61-8e3314c9928e,4,0,0,0.6225757041697492,0.7377522895788963
69,1f38c596-70c8-41ff-ad61-8e3314c9928e,5,1,0,0.5537660420352044,0.5499742116275212
70,1f38c596-70c8-41ff-ad61-8e3314c9928e,6,1,0,0.6137967360461776,0.7137949308373676
71,1f38c596-70c8-41ff-ad61-8e3314c9928e,7,0,0,0.6584980940840333,0.8357826696777647
72,1f38c596-70c8-41ff-ad61-8e3314c9928e,8,0,0,0.6045477692870337,0.6885549696576094
73,1f931d9e-9760-4b48-a211-f119420d70b6,1,1,0,0.5752589496244679,0.6086272663221797
74,1f931d9e-9760-4b48-a211-f119420d70b6,2,1,0,0.6308734268570582,0.760396353933547
75,1f931d9e-9760-4b48-a211-f119420d70b6,3,1,0,0.6696599176647287,0.8662427201037801
76,1f931d9e-9760-4b48-a211-f119420d70b6,4,1,0,0.6928970321169574,0.9296556268616097
77,1f931d9e-9760-4b48-a211-f119420d70b6,5,1,0,0.7055723085348765,0.9642458133183507
78,1f931d9e-9760-4b48-a211-f119420d70b6,6,1,0,0.7121344480325752,0.9821535591770246
79,1f931d9e-9760-4b48-a211-f119420d70b6,7,1,0,0.7154399710407646,0.9911741638108357
80,1f931d9e-9760-4b48-a211-f119420d70b6,8,0,0,0.7170820847926505,0.9956554089520155
81,208ce755-7884-4388-836a-ed95c6cff566,1,1,0,0.5752589496244679,0.6086272663221797
82,208ce755-7884-4388-836a-ed95c6cff566,2,0,0,0.6308734268570582,0.760396353933547
83,208ce755-7884-4388-836a-ed95c6cff566,3,1,0,0.5646182718829909,0.5795893964589668
84,20c65ba0-c444-4990-baa6-ef7d81dbe9b3,1,0,0,0.5752589496244679,0.6086272663221797
85,20c65ba0-c444-4990-baa6-ef7d81dbe9b3,2,0,0,0.499985386711561,0.4032095309945493
86,20c65ba0-c444-4990-baa6-ef7d81dbe9b3,3,0,0,0.4354049807995527,0.22697287876735428
87,210fbf15-bdd6-4aef-8b08-f25fd159b425,1,0,0,0.5752589496244679,0.6086272663221797
88,210fbf15-bdd6-4aef-8b08-f25fd159b425,2,1,0,0.499985386711561,0.4032095309945493
89,210fbf15-bdd6-4aef-8b08-f25fd159b425,3,0,0,0.5646334722780506,0.5796308775661235
90,210fbf15-bdd6-4aef-8b08-f25fd159b425,4,0,0,0.48951568259858413,0.3746382394917618
91,21cbfecc-32a2-4ab2-b2ed-a9d9025e733f,1,0,0,0.5752589496244679,0.6086272663221797
92,21cbfecc-32a2-4ab2-b2ed-a9d9025e733f,2,0,0,0.499985386711561,0.4032095309945493
93,21cbfecc-32a2-4ab2-b2ed-a9d9025e733f,3,0,0,0.4354049807995527,0.22697287876735428
94,23c6c05f-b559-48a7-8208-610c3c1c17de,1,1,0,0.5752589496244679,0.6086272663221797
95,23c6c05f-b559-48a7-8208-610c3c1c17de,2,0,0,0.6308734268570582,0.760396353933547
96,23c6c05f-b559-48a7-8208-610c3c1c17de,3,1,0,0.5646182718829909,0.5795893964589668
97,26e8fc1e-9db1-48f4-84cb-f995bd797bac,1,0,0,0.5752589496244679,0.6086272663221797
98,26e8fc1e-9db1-48f4-84cb-f995bd797bac,2,0,0,0.499985386711561,0.4032095309945493
99,26e8fc1e-9db1-48f4-84cb-f995bd797bac,3,0,0,0.4354049807995527,0.22697287876735428
100,279b2d01-7cb5-44f5-8698-9d069721f988,1,0,0,0.5752589496244679,0.6086272663221797
101,279b2d01-7cb5-44f5-8698-9d069721f988,2,0,0,0.499985386711561,0.4032095309945493
102,279b2d01-7cb5-44f5-8698-9d069721f988,3,0,0,0.4354049807995527,0.22697287876735428
103,279b2d01-7cb5-44f5-8698-9d069721f988,4,0,0,0.3937232003164289,0.11322541392138527
104,279b2d01-7cb5-44f5-8698-9d069721f988,5,1,0,0.37153594906819265,0.05267753059837684
105,279b2d01-7cb5-44f5-8698-9d069721f988,6,1,0,0.3896196690066859,0.10202708510747302
106,279b2d01-7cb5-44f5-8698-9d069721f988,7,1,0,0.4212383905646785,0.18831297254331392
107,279b2d01-7cb5-44f5-8698-9d069721f988,8,1,0,0.4699995177555625,0.32137961549155736
108,27e18037-efd6-4edd-901a-b527c3c1fada,1,1,0,0.5752589496244679,0.6086272663221797
109,27e18037-efd6-4edd-901a-b527c3c1fada,2,0,0,0.6308734268570582,0.760396353933547
110,27e18037-efd6-4edd-901a-b527c3c1fada,3,1,0,0.5646182718829909,0.5795893964589668
111,29dc2bb4-50c2-4cb2-b595-de0d70e48aa0,1,0,0,0.5752589496244679,0.6086272663221797
112,29dc2bb4-50c2-4cb2-b595-de0d70e48aa0,2,1,0,0.499985386711561,0.4032095309945493
113,29dc2bb4-50c2-4cb2-b595-de0d70e48aa0,3,1,0,0.5646334722780506,0.5796308775661235
114,29dc2bb4-50c2-4cb2-b595-de0d70e48aa0,4,1,0,0.6225936869618168,0.737801363706365
115,29dc2bb4-50c2-4cb2-b595-de0d70e48aa0,5,1,0,0.6643245052550705,0.8516826502489891
116,29dc2bb4-50c2-4cb2-b595-de0d70e48aa0,6,1,0,0.6898615221379814,0.9213718740895093
117,29dc2bb4-50c2-4cb2-b595-de0d70e48aa0,7,1,0,0.7039649998561851,0.9598595494566112
118,29dc2bb4-50c2-4cb2-b595-de0d70e48aa0,8,0,0,0.7113154083517538,0.9799184414296099
119,2a9bab96-a985-44a0-b195-9a586c0ace4b,1,0,0,0.5752589496244679,0.6086272663221797
120,2a9bab96-a985-44a0-b195-9a586c0ace4b,2,1,0,0.499985386711561,0.4032095309945493
121,2a9bab96-a985-44a0-b195-9a586c0ace4b,3,0,0,0.5646334722780506,0.5796308775661235
122,2a9bab96-a985-44a0-b195-9a586c0ace4b,4,1,0,0.48951568259858413,0.3746382394917618
123,2a9bab96-a985-44a0-b195-9a586c0ace4b,5,0,0,0.5538064573564434,0.5500845029893242
124,2a9bab96-a985-44a0-b195-9a586c0ace4b,6,1,0,0.47936031497108006,0.34692475631473885
125,2a9bab96-a985-44a0-b195-9a586c0ace4b,7,0,0,0.5428526471701497,0.5201921105662288
126,2a9bab96-a985-44a0-b195-9a586c0ace4b,8,1,0,0.4695755375247572,0.3202225949458915
127,2a9bab96-a985-44a0-b195-9a586c0ace4b,9,0,0,0.5318503933712468,0.4901675179813743
128,2c95970e-22f3-4785-9bdf-12abca10351d,1,0,0,0.5752589496244679,0.6086272663221797
129,2c95970e-22f3-4785-9bdf-12abca10351d,2,0,0,0.499985386711561,0.4032095309945493
130,2c95970e-22f3-4785-9bdf-12abca10351d,3,1,0,0.4354049807995527,0.22697287876735428
131,2ed5821b-941f-4269-9741-2b627a6e4ac0,1,1,0,0.5752589496244679,0.6086272663221797
132,2ed5821b-941f-4269-9741-2b627a6e4ac0,2,1,0,0.6308734268570582,0.760396353933547
133,2ed5821b-941f-4269-9741-2b627a6e4ac0,3,0,0,0.6696599176647287,0.8662427201037801
134,3033a5ff-ec8d-4602-afb7-c9cdb7f67bdb,1,1,0,0.5752589496244679,0.6086272663221797
135,3033a5ff-ec8d-4602-afb7-c9cdb7f67bdb,2,1,0,0.6308734268570582,0.760396353933547
136,3033a5ff-ec8d-4602-afb7-c9cdb7f67bdb,3,1,0,0.6696599176647287,0.8662427201037801
137,3033a5ff-ec8d-4602-afb7-c9cdb7f67bdb,4,1,0,0.6928970321169574,0.9296556268616097
138,3033a5ff-ec8d-4602-afb7-c9cdb7f67bdb,5,1,0,0.7055723085348765,0.9642458133183507
139,3033a5ff-ec8d-4602-afb7-c9cdb7f67bdb,6,1,0,0.7121344480325752,0.9821535591770246
140,30572a12-8e0c-46a8-9ed5-00bbe3e428ce,1,1,0,0.5752589496244679,0.6086272663221797
141,30572a12-8e0c-46a8-9ed5-00bbe3e428ce,2,0,0,0.6308734268570582,0.760396353933547
142,30572a12-8e0c-46a8-9ed5-00bbe3e428ce,3,1,0,0.5646182718829909,0.5795893964589668
143,30572a12-8e0c-46a8-9ed5-00bbe3e428ce,4,1,0,0.6225816190653655,0.737768431029031
144,30572a12-8e0c-46a8-9ed5-00bbe3e428ce,5,0,0,0.6643166252079207,0.8516611459999923
145,30572a12-8e0c-46a8-9ed5-00bbe3e428ce,6,1,0,0.6137959355421284,0.713792746302419
146,30572a12-8e0c-46a8-9ed5-00bbe3e428ce,7,1,0,0.658497556293444,0.8357812020745232
147,30572a12-8e0c-46a8-9ed5-00bbe3e428ce,8,1,0,0.686490162974866,0.912171605928103
148,30572a12-8e0c-46a8-9ed5-00bbe3e428ce,9,0,0,0.7021631980022767,0.9549425235843643
149,30dbd91c-9ed7-406f-8cb4-379133d4bb5a,1,1,0,0.5752589496244679,0.6086272663221797
150,30dbd91c-9ed7-406f-8cb4-379133d4bb5a,2,0,0,0.6308734268570582,0.760396353933547
151,30dbd91c-9ed7-406f-8cb4-379133d4bb5a,3,0,0,0.5646182718829909,0.5795893964589668
152,30dbd91c-9ed7-406f-8cb4-379133d4bb5a,4,0,0,0.4895010710962507,0.37459836544298636
153,30dbd91c-9ed7-406f-8cb4-379133d4bb5a,5,1,0,0.42792108408332064,0.20654970421066446
154,30dbd91c-9ed7-406f-8cb4-379133d4bb5a,6,0,0,0.4793828730804414,0.3469863162510426
155,30dbd91c-9ed7-406f-8cb4-379133d4bb5a,7,1,0,0.42098434883390473,0.1876197055449836
156,30dbd91c-9ed7-406f-8cb4-379133d4bb5a,8,0,0,0.4696369331039769,0.3203901403676092
157,3259c351-b532-49de-8040-22e56736f829,1,0,0,0.5752589496244679,0.6086272663221797
158,3259c351-b532-49de-8040-22e56736f829,2,1,0,0.499985386711561,0.4032095309945493
159,3259c351-b532-49de-8040-22e56736f829,3,0,0,0.5646334722780506,0.5796308775661235
160,3259c351-b532-49de-8040-22e56736f829,4,0,0,0.48951568259858413,0.3746382394917618
161,3259c351-b532-49de-8040-22e56736f829,5,1,0,0.42793130012987113,0.20657758328354459
162,3259c351-b532-49de-8040-22e56736f829,6,1,0,0.4793969933625344,0.34702484978469617
163,3259c351-b532-49de-8040-22e56736f829,7,1,0,0.542893044359178,0.5203023524461488
164,3259c351-b532-49de-8040-22e56736f829,8,0,0,0.6046428195684147,0.6888143570545645
165,33e9086b-ea8a-4922-8cb9-9cf400a654e9,1,1,0,0.5752589496244679,0.6086272663221797
166,3847f16e-a498-48b8-98bf-b1e8169575f5,1,0,0,0.5752589496244679,0.6086272663221797
167,3847f16e-a498-48b8-98bf-b1e8169575f5,2,0,0,0.499985386711561,0.4032095309945493
168,3847f16e-a498-48b8-98bf-b1e8169575f5,3,1,0,0.4354049807995527,0.22697287876735428
169,3847f16e-a498-48b8-98bf-b1e8169575f5,4,1,0,0.4895493143362438,0.37473001879803935
170,38b4462e-ea95-4a29-a07f-9b7234ae569a,1,0,0,0.5752589496244679,0.6086272663221797
171,38b4462e-ea95-4a29-a07f-9b7234ae569a,2,1,0,0.499985386711561,0.4032095309945493
172,38b4462e-ea95-4a29-a07f-9b7234ae569a,3,0,0,0.5646334722780506,0.5796308775661235
173,38b4462e-ea95-4a29-a07f-9b7234ae569a,4,0,0,0.48951568259858413,0.3746382394917618
174,38b4462e-ea95-4a29-a07f-9b7234ae569a,5,1,0,0.42793130012987113,0.20657758328354459
175,38b4462e-ea95-4a29-a07f-9b7234ae569a,6,1,0,0.4793969933625344,0.34702484978469617
176,38b4462e-ea95-4a29-a07f-9b7234ae569a,7,1,0,0.542893044359178,0.5203023524461488
177,38b4462e-ea95-4a29-a07f-9b7234ae569a,8,0,0,0.6046428195684147,0.6888143570545645
178,394509b0-d69a-40e8-8f59-67a9d3e05b98,1,1,0,0.5752589496244679,0.6086272663221797
179,394509b0-d69a-40e8-8f59-67a9d3e05b98,2,0,0,0.6308734268570582,0.760396353933547
180,394509b0-d69a-40e8-8f59-67a9d3e05b98,3,0,0,0.5646182718829909,0.5795893964589668
181,394509b0-d69a-40e8-8f59-67a9d3e05b98,4,1,0,0.4895010710962507,0.37459836544298636
182,394509b0-d69a-40e8-8f59-67a9d3e05b98,5,1,0,0.5537910235565999,0.5500423849323511
183,394509b0-d69a-40e8-8f59-67a9d3e05b98,6,1,0,0.6138173539685206,0.7138511961017043
184,394509b0-d69a-40e8-8f59-67a9d3e05b98,7,1,0,0.6585119450292115,0.8358204682046387
185,394509b0-d69a-40e8-8f59-67a9d3e05b98,8,1,0,0.6864985615006668,0.9121945250790416
186,397829ab-245e-4c6d-b463-996ae7cbdcd6,1,0,0,0.5752589496244679,0.6086272663221797
187,397829ab-245e-4c6d-b463-996ae7cbdcd6,2,0,0,0.499985386711561,0.4032095309945493
188,397829ab-245e-4c6d-b463-996ae7cbdcd6,3,0,0,0.4354049807995527,0.22697287876735428
189,397829ab-245e-4c6d-b463-996ae7cbdcd6,4,0,0,0.3937232003164289,0.11322541392138527
190,3deb8bba-9e6f-4cd1-b951-24651f2da2d4,1,0,0,0.5752589496244679,0.6086272663221797
191,3deb8bba-9e6f-4cd1-b951-24651f2da2d4,2,0,0,0.499985386711561,0.4032095309945493
192,3deb8bba-9e6f-4cd1-b951-24651f2da2d4,3,1,0,0.4354049807995527,0.22697287876735428
193,3ec08cf4-f43d-4ca5-a94d-e7521ac1d336,1,1,0,0.5752589496244679,0.6086272663221797
194,3ec08cf4-f43d-4ca5-a94d-e7521ac1d336,2,0,0,0.6308734268570582,0.760396353933547
195,3ec08cf4-f43d-4ca5-a94d-e7521ac1d336,3,1,0,0.5646182718829909,0.5795893964589668
196,3ec08cf4-f43d-4ca5-a94d-e7521ac1d336,4,0,0,0.6225816190653655,0.737768431029031
197,4004a1c4-2f27-4886-b7f7-b0153107f208,1,1,0,0.5752589496244679,0.6086272663221797
198,4004a1c4-2f27-4886-b7f7-b0153107f208,2,0,0,0.6308734268570582,0.760396353933547
199,4004a1c4-2f27-4886-b7f7-b0153107f208,3,0,0,0.5646182718829909,0.5795893964589668
200,4004a1c4-2f27-4886-b7f7-b0153107f208,4,0,0,0.4895010710962507,0.37459836544298636
201,40ade66e-d6fc-464c-a343-cd650f6268f6,1,0,0,0.5752589496244679,0.6086272663221797
202,40ade66e-d6fc-464c-a343-cd650f6268f6,2,0,0,0.499985386711561,0.4032095309945493
203,40ade66e-d6fc-464c-a343-cd650f6268f6,3,1,0,0.4354049807995527,0.22697287876735428
204,40ade66e-d6fc-464c-a343-cd650f6268f6,4,0,0,0.4895493143362438,0.37473001879803935
205,40ade66e-d6fc-464c-a343-cd650f6268f6,5,1,0,0.42795481693615794,0.20664175945513322
206,40ade66e-d6fc-464c-a343-cd650f6268f6,6,0,0,0.4794294949533062,0.3471135449774375
207,40ade66e-d6fc-464c-a343-cd650f6268f6,7,0,0,0.4210156930157365,0.18770524222743107
208,40ade66e-d6fc-464c-a343-cd650f6268f6,8,0,0,0.3857027141395388,0.09133791394228134
209,41067b8a-8ec8-496b-9583-489c976da306,1,1,0,0.5752589496244679,0.6086272663221797
210,41067b8a-8ec8-496b-9583-489c976da306,2,0,0,0.6308734268570582,0.760396353933547
211,41067b8a-8ec8-496b-9583-489c976da306,3,0,0,0.5646182718829909,0.5795893964589668
212,41067b8a-8ec8-496b-9583-489c976da306,4,0,0,0.4895010710962507,0.37459836544298636
213,41067b8a-8ec8-496b-9583-489c976da306,5,0,0,0.42792108408332064,0.20654970421066446
214,41067b8a-8ec8-496b-9583-489c976da306,6,1,0,0.3895013772152266,0.1017042728083194
215,41067b8a-8ec8-496b-9583-489c976da306,7,0,0,0.42104110151242746,0.18777458072618636
216,41067b8a-8ec8-496b-9583-489c976da306,8,0,0,0.3857165252842528,0.09137560385570705
217,4221a0a2-90ea-4322-9e03-662304ac6630,1,0,0,0.5752589496244679,0.6086272663221797
218,4221a0a2-90ea-4322-9e03-662304ac6630,2,1,0,0.499985386711561,0.4032095309945493
219,4221a0a2-90ea-4322-9e03-662304ac6630,3,0,0,0.5646334722780506,0.5796308775661235
220,4221a0a2-90ea-4322-9e03-662304ac6630,4,0,0,0.48951568259858413,0.3746382394917618
221,4221a0a2-90ea-4322-9e03-662304ac6630,5,0,0,0.42793130012987113,0.20657758328354459
222,4221a0a2-90ea-4322-9e03-662304ac6630,6,1,0,0.3895070650106302,0.10171979451349182
223,4221a0a2-90ea-4322-9e03-662304ac6630,7,1,0,0.4210505904562852,0.1878004755726965
224,4221a0a2-90ea-4322-9e03-662304ac6630,8,0,0,0.46973151956531095,0.3206482620231813
225,4394c832-22c1-42f6-aedd-d380eb3506a7,1,0,0,0.5752589496244679,0.6086272663221797
226,4394c832-22c1-42f6-aedd-d380eb3506a7,2,1,0,0.499985386711561,0.4032095309945493
227,4394c832-22c1-42f6-aedd-d380eb3506a7,3,1,0,0.5646334722780506,0.5796308775661235
228,4394c832-22c1-42f6-aedd-d380eb3506a7,4,1,0,0.6225936869618168,0.737801363706365
229,4394c832-22c1-42f6-aedd-d380eb3506a7,5,1,0,0.6643245052550705,0.8516826502489891
230,4394c832-22c1-42f6-aedd-d380eb3506a7,6,0,0,0.6898615221379814,0.9213718740895093
231,4394c832-22c1-42f6-aedd-d380eb3506a7,7,1,0,0.6585037975915803,0.8357982342605796
232,4394c832-22c1-42f6-aedd-d380eb3506a7,8,1,0,0.686493805987902,0.9121815475259055
233,44fc44cd-cdb0-49f4-980e-007305e006a6,1,1,0,0.5752589496244679,0.6086272663221797
234,44fc44cd-cdb0-49f4-980e-007305e006a6,2,1,0,0.6308734268570582,0.760396353933547
235,44fc44cd-cdb0-49f4-980e-007305e006a6,3,1,0,0.6696599176647287,0.8662427201037801
236,44fc44cd-cdb0-49f4-980e-007305e006a6,4,0,0,0.6928970321169574,0.9296556268616097
237,45c4df97-dc12-4616-b8d0-857859cd18a6,1,1,0,0.5752589496244679,0.6086272663221797
238,45c4df97-dc12-4616-b8d0-857859cd18a6,2,0,0,0.6308734268570582,0.760396353933547
239,45c4df97-dc12-4616-b8d0-857859cd18a6,3,1,0,0.5646182718829909,0.5795893964589668
240,45c4df97-dc12-4616-b8d0-857859cd18a6,4,0,0,0.6225816190653655,0.737768431029031
241,45ffc241-8521-4d00-933b-4f51d7740884,1,1,0,0.5752589496244679,0.6086272663221797
242,45ffc241-8521-4d00-933b-4f51d7740884,2,1,0,0.6308734268570582,0.760396353933547
243,45ffc241-8521-4d00-933b-4f51d7740884,3,0,0,0.6696599176647287,0.8662427201037801
244,45ffc241-8521-4d00-933b-4f51d7740884,4,1,0,0.6225757041697492,0.7377522895788963
245,4b4de614-4459-46d1-9f58-b04ed109190a,1,1,0,0.5752589496244679,0.6086272663221797
246,4b4de614-4459-46d1-9f58-b04ed109190a,2,1,0,0.6308734268570582,0.760396353933547
247,4b4de614-4459-46d1-9f58-b04ed109190a,3,1,0,0.6696599176647287,0.8662427201037801
248,4b4de614-4459-46d1-9f58-b04ed109190a,4,1,0,0.6928970321169574,0.9296556268616097
249,4b4de614-4459-46d1-9f58-b04ed109190a,5,1,0,0.7055723085348765,0.9642458133183507
250,4b4de614-4459-46d1-9f58-b04ed109190a,6,0,0,0.7121344480325752,0.9821535591770246
251,4b4de614-4459-46d1-9f58-b04ed109190a,7,1,0,0.7039604191780366,0.9598470490182754
252,4b4de614-4459-46d1-9f58-b04ed109190a,8,0,0,0.7113130688212188,0.9799120569694403
253,4ca3179e-281e-4cd0-8985-e61000730cc2,1,1,0,0.5752589496244679,0.6086272663221797
254,4ca3179e-281e-4cd0-8985-e61000730cc2,2,1,0,0.6308734268570582,0.760396353933547
255,4ca3179e-281e-4cd0-8985-e61000730cc2,3,1,0,0.6696599176647287,0.8662427201037801
256,4ca3179e-281e-4cd0-8985-e61000730cc2,4,1,0,0.6928970321169574,0.9296556268616097
257,4ca3179e-281e-4cd0-8985-e61000730cc2,5,1,0,0.7055723085348765,0.9642458133183507
258,4ca3179e-281e-4cd0-8985-e61000730cc2,6,1,0,0.7121344480325752,0.9821535591770246
259,4ca3179e-281e-4cd0-8985-e61000730cc2,7,1,0,0.7154399710407646,0.9911741638108357
260,4d609503-58d1-47d1-93a9-4724b819d63b,1,1,0,0.5752589496244679,0.6086272663221797
261,4d609503-58d1-47d1-93a9-4724b819d63b,2,0,0,0.6308734268570582,0.760396353933547
262,4d609503-58d1-47d1-93a9-4724b819d63b,3,1,0,0.5646182718829909,0.5795893964589668
263,4d609503-58d1-47d1-93a9-4724b819d63b,4,0,0,0.6225816190653655,0.737768431029031
264,4d609503-58d1-47d1-93a9-4724b819d63b,5,0,0,0.553773607914622,0.5499948585287118
265,4d609503-58d1-47d1-93a9-4724b819d63b,6,0,0,0.4793302531911094,0.34684271924192706
266,4e5f6679-38f3-4b65-a3fd-476ab802eb3d,1,1,0,0.5752589496244679,0.6086272663221797
267,4e5f6679-38f3-4b65-a3fd-476ab802eb3d,2,1,0,0.6308734268570582,0.760396353933547
268,4e5f6679-38f3-4b65-a3fd-476ab802eb3d,3,1,0,0.6696599176647287,0.8662427201037801
269,4e5f6679-38f3-4b65-a3fd-476ab802eb3d,4,1,0,0.6928970321169574,0.9296556268616097
270,501eec7e-56e3-4ff3-af81-5db916bdd935,1,0,0,0.5752589496244679,0.6086272663221797
271,501eec7e-56e3-4ff3-af81-5db916bdd935,2,0,0,0.499985386711561,0.4032095309945493
272,501eec7e-56e3-4ff3-af81-5db916bdd935,3,0,0,0.4354049807995527,0.22697287876735428
273,503286f3-5e4d-414e-9258-7dc26b2a32d8,1,0,0,0.5752589496244679,0.6086272663221797
274,503286f3-5e4d-414e-9258-7dc26b2a32d8,2,0,0,0.499985386711561,0.4032095309945493
275,503286f3-5e4d-414e-9258-7dc26b2a32d8,3,0,0,0.4354049807995527,0.22697287876735428
276,51a7743f-2385-4373-9ba9-e559493ee3ee,1,1,0,0.5752589496244679,0.6086272663221797
277,51a7743f-2385-4373-9ba9-e559493ee3ee,2,1,0,0.6308734268570582,0.760396353933547
278,51a7743f-2385-4373-9ba9-e559493ee3ee,3,0,0,0.6696599176647287,0.8662427201037801
279,52c6af6f-5f42-4307-bc28-a75aa4ed409e,1,0,0,0.5752589496244679,0.6086272663221797
280,52c6af6f-5f42-4307-bc28-a75aa4ed409e,2,1,0,0.499985386711561,0.4032095309945493
281,52c6af6f-5f42-4307-bc28-a75aa4ed409e,3,0,0,0.5646334722780506,0.5796308775661235
282,53a2cdff-a8a9-49f6-b347-af3c9ca832d2,1,1,0,0.5752589496244679,0.6086272663221797
283,53a2cdff-a8a9-49f6-b347-af3c9ca832d2,2,1,0,0.6308734268570582,0.760396353933547
284,54b54f0c-1eed-4fe9-ba86-a687dc43a228,1,1,0,0.5752589496244679,0.6086272663221797
285,54b54f0c-1eed-4fe9-ba86-a687dc43a228,2,0,0,0.6308734268570582,0.760396353933547
286,54b54f0c-1eed-4fe9-ba86-a687dc43a228,3,0,0,0.5646182718829909,0.5795893964589668
287,54b54f0c-1eed-4fe9-ba86-a687dc43a228,4,1,0,0.4895010710962507,0.37459836544298636
288,562547da-d741-4f6a-b867-4c4c9829cb91,1,0,0,0.5752589496244679,0.6086272663221797
289,562547da-d741-4f6a-b867-4c4c9829cb91,2,0,0,0.499985386711561,0.4032095309945493
290,562547da-d741-4f6a-b867-4c4c9829cb91,3,0,0,0.4354049807995527,0.22697287876735428
291,562547da-d741-4f6a-b867-4c4c9829cb91,4,0,0,0.3937232003164289,0.11322541392138527
292,57364129-2dc0-4a70-8a7f-8052adac96ec,1,1,0,0.5752589496244679,0.6086272663221797
293,57364129-2dc0-4a70-8a7f-8052adac96ec,2,0,0,0.6308734268570582,0.760396353933547
294,57364129-2dc0-4a70-8a7f-8052adac96ec,3,0,0,0.5646182718829909,0.5795893964589668
295,58a62f48-4d2a-4d7c-b0fb-01237ed0eb30,1,0,0,0.5752589496244679,0.6086272663221797
296,58a62f48-4d2a-4d7c-b0fb-01237ed0eb30,2,0,0,0.499985386711561,0.4032095309945493
297,58a62f48-4d2a-4d7c-b0fb-01237ed0eb30,3,0,0,0.4354049807995527,0.22697287876735428
298,58a62f48-4d2a-4d7c-b0fb-01237ed0eb30,4,0,0,0.3937232003164289,0.11322541392138527
299,598e4c06-0d2e-4091-a723-d839b26a9397,1,1,0,0.5752589496244679,0.6086272663221797
300,598e4c06-0d2e-4091-a723-d839b26a9397,2,1,0,0.6308734268570582,0.760396353933547
301,598e4c06-0d2e-4091-a723-d839b26a9397,3,1,0,0.6696599176647287,0.8662427201037801
302,598e4c06-0d2e-4091-a723-d839b26a9397,4,1,0,0.6928970321169574,0.9296556268616097
303,598e4c06-0d2e-4091-a723-d839b26a9397,5,0,0,0.7055723085348765,0.9642458133183507
304,59ed9103-39e3-49b1-90e0-fe3c23eea553,1,0,0,0.5752589496244679,0.6086272663221797
305,59ed9103-39e3-49b1-90e0-fe3c23eea553,2,1,0,0.499985386711561,0.4032095309945493
306,59ed9103-39e3-49b1-90e0-fe3c23eea553,3,0,0,0.5646334722780506,0.5796308775661235
307,59ed9103-39e3-49b1-90e0-fe3c23eea553,4,0,0,0.48951568259858413,0.3746382394917618
308,59ed9103-39e3-49b1-90e0-fe3c23eea553,5,0,0,0.42793130012987113,0.20657758328354459
309,59ed9103-39e3-49b1-90e0-fe3c23eea553,6,1,0,0.3895070650106302,0.10171979451349182
310,59ed9103-39e3-49b1-90e0-fe3c23eea553,7,0,0,0.4210505904562852,0.1878004755726965
311,59ed9103-39e3-49b1-90e0-fe3c23eea553,8,0,0,0.3857216834436635,0.09138968021111789
312,5a438ab4-02e7-4403-8919-4dd73f048064,1,1,0,0.5752589496244679,0.6086272663221797
313,5a438ab4-02e7-4403-8919-4dd73f048064,2,1,0,0.6308734268570582,0.760396353933547
314,5a438ab4-02e7-4403-8919-4dd73f048064,3,1,0,0.6696599176647287,0.8662427201037801
315,5a438ab4-02e7-4403-8919-4dd73f048064,4,1,0,0.6928970321169574,0.9296556268616097
316,5a438ab4-02e7-4403-8919-4dd73f048064,5,1,0,0.7055723085348765,0.9642458133183507
317,5a438ab4-02e7-4403-8919-4dd73f048064,6,0,0,0.7121344480325752,0.9821535591770246
318,5a438ab4-02e7-4403-8919-4dd73f048064,7,0,0,0.7039604191780366,0.9598470490182754
319,5a438ab4-02e7-4403-8919-4dd73f048064,8,1,0,0.686483619033543,0.9121537478441403
320,5b457e77-c38c-4950-b480-65a2c1c2328c,1,1,0,0.5752589496244679,0.6086272663221797
321,5b457e77-c38c-4950-b480-65a2c1c2328c,2,1,0,0.6308734268570582,0.760396353933547
322,5b457e77-c38c-4950-b480-65a2c1c2328c,3,1,0,0.6696599176647287,0.8662427201037801
323,5b457e77-c38c-4950-b480-65a2c1c2328c,4,0,0,0.6928970321169574,0.9296556268616097
324,5c89348e-6fc7-4f29-9d61-6fc96db6cfbc,1,1,0,0.5752589496244679,0.6086272663221797
325,5c89348e-6fc7-4f29-9d61-6fc96db6cfbc,2,1,0,0.6308734268570582,0.760396353933547
326,5c89348e-6fc7-4f29-9d61-6fc96db6cfbc,3,1,0,0.6696599176647287,0.8662427201037801
327,5c89348e-6fc7-4f29-9d61-6fc96db6cfbc,4,0,0,0.6928970321169574,0.9296556268616097
328,5ce220b3-134c-415f-93a0-d51030bcc968,1,1,0,0.5752589496244679,0.6086272663221797
329,5ce220b3-134c-415f-93a0-d51030bcc968,2,1,0,0.6308734268570582,0.760396353933547
330,5ce220b3-134c-415f-93a0-d51030bcc968,3,0,0,0.6696599176647287,0.8662427201037801
331,5ce220b3-134c-415f-93a0-d51030bcc968,4,0,0,0.6225757041697492,0.7377522895788963
332,5d6a0a6e-2830-40f9-b2cd-64e376041b4f,1,1,0,0.5752589496244679,0.6086272663221797
333,5d6a0a6e-2830-40f9-b2cd-64e376041b4f,2,1,0,0.6308734268570582,0.760396353933547
334,5d6a0a6e-2830-40f9-b2cd-64e376041b4f,3,1,0,0.6696599176647287,0.8662427201037801
335,5d6a0a6e-2830-40f9-b2cd-64e376041b4f,4,0,0,0.6928970321169574,0.9296556268616097
336,5df32026-6c29-4725-93c2-5512d95fd0ca,1,0,0,0.5752589496244679,0.6086272663221797
337,5df32026-6c29-4725-93c2-5512d95fd0ca,2,1,0,0.499985386711561,0.4032095309945493
338,5df32026-6c29-4725-93c2-5512d95fd0ca,3,1,0,0.5646334722780506,0.5796308775661235
339,5df32026-6c29-4725-93c2-5512d95fd0ca,4,0,0,0.6225936869618168,0.737801363706365
340,5e40f4f3-1f21-4a2c-8fbc-5db537ba2193,1,1,0,0.5752589496244679,0.6086272663221797
341,5e40f4f3-1f21-4a2c-8fbc-5db537ba2193,2,1,0,0.6308734268570582,0.760396353933547
342,5e40f4f3-1f21-4a2c-8fbc-5db537ba2193,3,1,0,0.6696599176647287,0.8662427201037801
343,5e40f4f3-1f21-4a2c-8fbc-5db537ba2193,4,0,0,0.6928970321169574,0.9296556268616097
344,5e40f4f3-1f21-4a2c-8fbc-5db537ba2193,5,0,0,0.6643108698702619,0.851645439975431
345,5f1a4156-ddcb-466e-b790-27a26ec3a8d9,1,0,0,0.5752589496244679,0.6086272663221797
346,5f1a4156-ddcb-466e-b790-27a26ec3a8d9,2,1,0,0.499985386711561,0.4032095309945493
347,5f1a4156-ddcb-466e-b790-27a26ec3a8d9,3,1,0,0.5646334722780506,0.5796308775661235
348,643e8a94-4d44-468a-a4de-b47fa5107e68,1,1,0,0.5752589496244679,0.6086272663221797
349,643e8a94-4d44-468a-a4de-b47fa5107e68,2,0,0,0.6308734268570582,0.760396353933547
350,643e8a94-4d44-468a-a4de-b47fa5107e68,3,1,0,0.5646182718829909,0.5795893964589668
351,643e8a94-4d44-468a-a4de-b47fa5107e68,4,0,0,0.6225816190653655,0.737768431029031
352,643e8a94-4d44-468a-a4de-b47fa5107e68,5,1,0,0.553773607914622,0.5499948585287118
353,643e8a94-4d44-468a-a4de-b47fa5107e68,6,1,0,0.6138029805665827,0.7138119718168324
354,643e8a94-4d44-468a-a4de-b47fa5107e68,7,1,0,0.6585022891980583,0.8357941179311638
355,643e8a94-4d44-468a-a4de-b47fa5107e68,8,0,0,0.6864929255528309,0.9121791448632519
356,64974a6f-84a2-4b45-a6ce-c227b6b6c123,1,0,0,0.5752589496244679,0.6086272663221797
357,683f778c-0003-4d5c-9142-16669a6e1814,1,1,0,0.5752589496244679,0.6086272663221797
358,683f778c-0003-4d5c-9142-16669a6e1814,2,1,0,0.6308734268570582,0.760396353933547
359,683f778c-0003-4d5c-9142-16669a6e1814,3,1,0,0.6696599176647287,0.8662427201037801
360,68f11bd4-b0c1-4d7b-a738-6c3a3ebfa3fe,1,0,0,0.5752589496244679,0.6086272663221797
361,68f11bd4-b0c1-4d7b-a738-6c3a3ebfa3fe,2,1,0,0.499985386711561,0.4032095309945493
362,68f11bd4-b0c1-4d7b-a738-6c3a3ebfa3fe,3,0,0,0.5646334722780506,0.5796308775661235
363,68f11bd4-b0c1-4d7b-a738-6c3a3ebfa3fe,4,1,0,0.48951568259858413,0.3746382394917618
364,6983615c-fadf-45a3-b425-309695673efc,1,1,0,0.5752589496244679,0.6086272663221797
365,6983615c-fadf-45a3-b425-309695673efc,2,1,0,0.6308734268570582,0.760396353933547
366,6983615c-fadf-45a3-b425-309695673efc,3,1,0,0.6696599176647287,0.8662427201037801
367,6983615c-fadf-45a3-b425-309695673efc,4,0,0,0.6928970321169574,0.9296556268616097
368,6983615c-fadf-45a3-b425-309695673efc,5,1,0,0.6643108698702619,0.851645439975431
369,6983615c-fadf-45a3-b425-309695673efc,6,0,0,0.68985370200721,0.9213505333492695
370,6983615c-fadf-45a3-b425-309695673efc,7,1,0,0.658488984115037,0.8357578090344298
371,6983615c-fadf-45a3-b425-309695673efc,8,1,0,0.6864851593266624,0.9121579512259397
372,6983615c-fadf-45a3-b425-309695673efc,9,0,0,0.7021605106812852,0.9549351900216786
373,6a1dd1d7-9500-4e18-926a-d454f3e954e1,1,1,0,0.5752589496244679,0.6086272663221797
374,6a1dd1d7-9500-4e18-926a-d454f3e954e1,2,0,0,0.6308734268570582,0.760396353933547
375,6a1dd1d7-9500-4e18-926a-d454f3e954e1,3,0,0,0.5646182718829909,0.5795893964589668
376,6a1dd1d7-9500-4e18-926a-d454f3e954e1,4,1,0,0.4895010710962507,0.37459836544298636
377,6afebe8c-22bb-42ae-83a8-cbf739e0e874,1,1,0,0.5752589496244679,0.6086272663221797
378,6afebe8c-22bb-42ae-83a8-cbf739e0e874,2,1,0,0.6308734268570582,0.760396353933547
379,6afebe8c-22bb-42ae-83a8-cbf739e0e874,3,1,0,0.6696599176647287,0.8662427201037801
380,6afebe8c-22bb-42ae-83a8-cbf739e0e874,4,0,0,0.6928970321169574,0.9296556268616097
381,6afebe8c-22bb-42ae-83a8-cbf739e0e874,5,1,0,0.6643108698702619,0.851645439975431
382,6afebe8c-22bb-42ae-83a8-cbf739e0e874,6,1,0,0.68985370200721,0.9213505333492695
383,6afebe8c-22bb-42ae-83a8-cbf739e0e874,7,1,0,0.7039608408138389,0.9598481996409942
384,6b47882e-76db-4c6b-a553-e7f754413836,1,1,0,0.5752589496244679,0.6086272663221797
385,6b47882e-76db-4c6b-a553-e7f754413836,2,1,0,0.6308734268570582,0.760396353933547
386,6b47882e-76db-4c6b-a553-e7f754413836,3,1,0,0.6696599176647287,0.8662427201037801
387,6b47882e-76db-4c6b-a553-e7f754413836,4,0,0,0.6928970321169574,0.9296556268616097
388,6ba1d5f7-7015-4f2a-bd2c-f9259b78e4b6,1,1,0,0.5752589496244679,0.6086272663221797
389,6ba1d5f7-7015-4f2a-bd2c-f9259b78e4b6,2,1,0,0.6308734268570582,0.760396353933547
390,6ba1d5f7-7015-4f2a-bd2c-f9259b78e4b6,3,1,0,0.6696599176647287,0.8662427201037801
391,6ba1d5f7-7015-4f2a-bd2c-f9259b78e4b6,4,0,0,0.6928970321169574,0.9296556268616097
392,6c17f582-cd1a-4090-b73d-31c293dc01d6,1,0,0,0.5752589496244679,0.6086272663221797
393,6c17f582-cd1a-4090-b73d-31c293dc01d6,2,1,0,0.499985386711561,0.4032095309945493
394,6c17f582-cd1a-4090-b73d-31c293dc01d6,3,0,0,0.5646334722780506,0.5796308775661235
395,6c17f582-cd1a-4090-b73d-31c293dc01d6,4,0,0,0.48951568259858413,0.3746382394917618
396,6c4fba2d-d51a-4387-9658-ec7387512c4b,1,0,0,0.5752589496244679,0.6086272663221797
397,6c4fba2d-d51a-4387-9658-ec7387512c4b,2,1,0,0.499985386711561,0.4032095309945493
398,6c4fba2d-d51a-4387-9658-ec7387512c4b,3,0,0,0.5646334722780506,0.5796308775661235
399,6c4fba2d-d51a-4387-9658-ec7387512c4b,4,0,0,0.48951568259858413,0.3746382394917618
400,6c4fba2d-d51a-4387-9658-ec7387512c4b,5,1,0,0.42793130012987113,0.20657758328354459
401,6c4fba2d-d51a-4387-9658-ec7387512c4b,6,1,0,0.4793969933625344,0.34702484978469617
402,6c4fba2d-d51a-4387-9658-ec7387512c4b,7,0,0,0.542893044359178,0.5203023524461488
403,6c4fba2d-d51a-4387-9658-ec7387512c4b,8,0,0,0.46961076182211026,0.3203187202667979
404,6e238a33-71b2-4aae-8bdf-3a32d2ff840a,1,1,0,0.5752589496244679,0.6086272663221797
405,6e238a33-71b2-4aae-8bdf-3a32d2ff840a,2,0,0,0.6308734268570582,0.760396353933547
406,6e238a33-71b2-4aae-8bdf-3a32d2ff840a,3,1,0,0.5646182718829909,0.5795893964589668
407,6f475621-6c91-41f8-a582-59745cf3dec5,1,0,0,0.5752589496244679,0.6086272663221797
408,6f475621-6c91-41f8-a582-59745cf3dec5,2,1,0,0.499985386711561,0.4032095309945493
409,6f475621-6c91-41f8-a582-59745cf3dec5,3,0,0,0.5646334722780506,0.5796308775661235
410,6f475621-6c91-41f8-a582-59745cf3dec5,4,1,0,0.48951568259858413,0.3746382394917618
411,6f475621-6c91-41f8-a582-59745cf3dec5,5,1,0,0.5538064573564434,0.5500845029893242
412,6f475621-6c91-41f8-a582-59745cf3dec5,6,0,0,0.6138300909695728,0.7138859547315574
413,703e3190-dc50-4b56-80cd-153157ab3651,1,1,0,0.5752589496244679,0.6086272663221797
414,703e3190-dc50-4b56-80cd-153157ab3651,2,1,0,0.6308734268570582,0.760396353933547
415,703e3190-dc50-4b56-80cd-153157ab3651,3,1,0,0.6696599176647287,0.8662427201037801
416,703e3190-dc50-4b56-80cd-153157ab3651,4,0,0,0.6928970321169574,0.9296556268616097
417,70e33052-4bd8-4ddc-90b2-7918f9308f5e,1,1,0,0.5752589496244679,0.6086272663221797
418,70e33052-4bd8-4ddc-90b2-7918f9308f5e,2,1,0,0.6308734268570582,0.760396353933547
419,70e33052-4bd8-4ddc-90b2-7918f9308f5e,3,1,0,0.6696599176647287,0.8662427201037801
420,70e33052-4bd8-4ddc-90b2-7918f9308f5e,4,0,0,0.6928970321169574,0.9296556268616097
421,70e33052-4bd8-4ddc-90b2-7918f9308f5e,5,0,0,0.6643108698702619,0.851645439975431
422,70e33052-4bd8-4ddc-90b2-7918f9308f5e,6,0,0,0.613786629416133,0.7137673503565827
423,70e33052-4bd8-4ddc-90b2-7918f9308f5e,7,0,0,0.5427797476696632,0.5199931715268509
424,70e33052-4bd8-4ddc-90b2-7918f9308f5e,8,0,0,0.469511988613346,0.3200491731898398
425,7217a0a8-a7e1-4b53-9746-5297c32a4e0a,1,0,0,0.5752589496244679,0.6086272663221797
426,73498966-d3b7-4dca-b678-29117c644f00,1,1,0,0.5752589496244679,0.6086272663221797
427,73498966-d3b7-4dca-b678-29117c644f00,2,0,0,0.6308734268570582,0.760396353933547
428,73498966-d3b7-4dca-b678-29117c644f00,3,1,0,0.5646182718829909,0.5795893964589668
429,73498966-d3b7-4dca-b678-29117c644f00,4,1,0,0.6225816190653655,0.737768431029031
430,73498966-d3b7-4dca-b678-29117c644f00,5,0,0,0.6643166252079207,0.8516611459999923
431,7405b695-a8cb-4815-9f6e-3b77babe715f,1,1,0,0.5752589496244679,0.6086272663221797
432,7405b695-a8cb-4815-9f6e-3b77babe715f,2,0,0,0.6308734268570582,0.760396353933547
433,7454f80d-341b-4d7b-bd3d-0f310fa6ef50,1,1,0,0.5752589496244679,0.6086272663221797
434,7454f80d-341b-4d7b-bd3d-0f310fa6ef50,2,1,0,0.6308734268570582,0.760396353933547
435,7454f80d-341b-4d7b-bd3d-0f310fa6ef50,3,0,0,0.6696599176647287,0.8662427201037801
436,7454f80d-341b-4d7b-bd3d-0f310fa6ef50,4,1,0,0.6225757041697492,0.7377522895788963
437,7529e7c9-0439-4e92-8929-f6ef6b95e322,1,0,0,0.5752589496244679,0.6086272663221797
438,7529e7c9-0439-4e92-8929-f6ef6b95e322,2,0,0,0.499985386711561,0.4032095309945493
439,7529e7c9-0439-4e92-8929-f6ef6b95e322,3,1,0,0.4354049807995527,0.22697287876735428
440,7529e7c9-0439-4e92-8929-f6ef6b95e322,4,1,0,0.4895493143362438,0.37473001879803935
441,7529e7c9-0439-4e92-8929-f6ef6b95e322,5,1,0,0.5538419783003974,0.5501814378437588
442,7529e7c9-0439-4e92-8929-f6ef6b95e322,6,0,0,0.6138594025247617,0.713965944478991
443,7529e7c9-0439-4e92-8929-f6ef6b95e322,7,1,0,0.5428686602858377,0.5202358095467591
444,76acab45-c5ab-4b0c-ac51-64a924191859,1,1,0,0.5752589496244679,0.6086272663221797
445,76acab45-c5ab-4b0c-ac51-64a924191859,2,1,0,0.6308734268570582,0.760396353933547
446,76acab45-c5ab-4b0c-ac51-64a924191859,3,1,0,0.6696599176647287,0.8662427201037801
447,76acab45-c5ab-4b0c-ac51-64a924191859,4,1,0,0.6928970321169574,0.9296556268616097
448,76acab45-c5ab-4b0c-ac51-64a924191859,5,1,0,0.7055723085348765,0.9642458133183507
449,76acab45-c5ab-4b0c-ac51-64a924191859,6,1,0,0.7121344480325752,0.9821535591770246
450,76acab45-c5ab-4b0c-ac51-64a924191859,7,1,0,0.7154399710407646,0.9911741638108357
451,76acab45-c5ab-4b0c-ac51-64a924191859,8,1,0,0.7170820847926505,0.9956554089520155
452,7929f8fc-b18c-47a9-a31d-bf0035fce0b5,1,1,0,0.5752589496244679,0.6086272663221797
453,7929f8fc-b18c-47a9-a31d-bf0035fce0b5,2,1,0,0.6308734268570582,0.760396353933547
454,7929f8fc-b18c-47a9-a31d-bf0035fce0b5,3,0,0,0.6696599176647287,0.8662427201037801
455,7929f8fc-b18c-47a9-a31d-bf0035fce0b5,4,0,0,0.6225757041697492,0.7377522895788963
456,7929f8fc-b18c-47a9-a31d-bf0035fce0b5,5,1,0,0.5537660420352044,0.5499742116275212
457,7929f8fc-b18c-47a9-a31d-bf0035fce0b5,6,1,0,0.6137967360461776,0.7137949308373676
458,7929f8fc-b18c-47a9-a31d-bf0035fce0b5,7,1,0,0.6584980940840333,0.8357826696777647
459,7929f8fc-b18c-47a9-a31d-bf0035fce0b5,8,0,0,0.6864904768831354,0.9121724625678488
460,79f01c21-64d9-4acc-ade2-eaf67c311ebb,1,1,0,0.5752589496244679,0.6086272663221797
461,79f01c21-64d9-4acc-ade2-eaf67c311ebb,2,0,0,0.6308734268570582,0.760396353933547
462,79f01c21-64d9-4acc-ade2-eaf67c311ebb,3,1,0,0.5646182718829909,0.5795893964589668
463,79f01c21-64d9-4acc-ade2-eaf67c311ebb,4,0,0,0.6225816190653655,0.737768431029031
464,7a19a5e7-ad95-4dad-96f5-95cb9df8e4da,1,0,0,0.5752589496244679,0.6086272663221797
465,7a19a5e7-ad95-4dad-96f5-95cb9df8e4da,2,0,0,0.499985386711561,0.4032095309945493
466,7a19a5e7-ad95-4dad-96f5-95cb9df8e4da,3,1,0,0.4354049807995527,0.22697287876735428
467,7bd94c23-de37-4e16-9bd2-f87005302c75,1,1,0,0.5752589496244679,0.6086272663221797
468,7bd94c23-de37-4e16-9bd2-f87005302c75,2,1,0,0.6308734268570582,0.760396353933547
469,7bd94c23-de37-4e16-9bd2-f87005302c75,3,1,0,0.6696599176647287,0.8662427201037801
470,7bdeb09a-80a5-47d7-92ab-3fa0a75ab677,1,1,0,0.5752589496244679,0.6086272663221797
471,7bdeb09a-80a5-47d7-92ab-3fa0a75ab677,2,1,0,0.6308734268570582,0.760396353933547
472,7bdeb09a-80a5-47d7-92ab-3fa0a75ab677,3,1,0,0.6696599176647287,0.8662427201037801
473,7bdeb09a-80a5-47d7-92ab-3fa0a75ab677,4,1,0,0.6928970321169574,0.9296556268616097
474,7bdeb09a-80a5-47d7-92ab-3fa0a75ab677,5,1,0,0.7055723085348765,0.9642458133183507
475,7bdeb09a-80a5-47d7-92ab-3fa0a75ab677,6,1,0,0.7121344480325752,0.9821535591770246
476,7bdeb09a-80a5-47d7-92ab-3fa0a75ab677,7,1,0,0.7154399710407646,0.9911741638108357
477,7bdeb09a-80a5-47d7-92ab-3fa0a75ab677,8,1,0,0.7170820847926505,0.9956554089520155
478,7d4b36fc-a64a-4501-a2b4-b8a6dc62875b,1,0,0,0.5752589496244679,0.6086272663221797
479,7d4b36fc-a64a-4501-a2b4-b8a6dc62875b,2,0,0,0.499985386711561,0.4032095309945493
480,7d4b36fc-a64a-4501-a2b4-b8a6dc62875b,3,0,0,0.4354049807995527,0.22697287876735428
481,7d4b36fc-a64a-4501-a2b4-b8a6dc62875b,4,0,0,0.3937232003164289,0.11322541392138527
482,7f33ebc9-8db9-4e75-915d-6491ec4b9264,1,1,0,0.5752589496244679,0.6086272663221797
483,7f33ebc9-8db9-4e75-915d-6491ec4b9264,2,1,0,0.6308734268570582,0.760396353933547
484,7f33ebc9-8db9-4e75-915d-6491ec4b9264,3,1,0,0.6696599176647287,0.8662427201037801
485,7f33ebc9-8db9-4e75-915d-6491ec4b9264,4,0,0,0.6928970321169574,0.9296556268616097
486,7fb8247a-5dd8-4888-b104-04986c6b0b96,1,1,0,0.5752589496244679,0.6086272663221797
487,7fb8247a-5dd8-4888-b104-04986c6b0b96,2,0,0,0.6308734268570582,0.760396353933547
488,7fb8247a-5dd8-4888-b104-04986c6b0b96,3,0,0,0.5646182718829909,0.5795893964589668
489,81625bed-a91e-407f-81d1-3bf2837f726c,1,1,0,0.5752589496244679,0.6086272663221797
490,81625bed-a91e-407f-81d1-3bf2837f726c,2,0,0,0.6308734268570582,0.760396353933547
491,81625bed-a91e-407f-81d1-3bf2837f726c,3,1,0,0.5646182718829909,0.5795893964589668
492,81625bed-a91e-407f-81d1-3bf2837f726c,4,0,0,0.6225816190653655,0.737768431029031
493,81cd12c4-7e75-4cce-9935-4419cc294ab8,1,0,0,0.5752589496244679,0.6086272663221797
494,81cd12c4-7e75-4cce-9935-4419cc294ab8,2,0,0,0.499985386711561,0.4032095309945493
495,81cd12c4-7e75-4cce-9935-4419cc294ab8,3,0,0,0.4354049807995527,0.22697287876735428
496,81cd12c4-7e75-4cce-9935-4419cc294ab8,4,0,0,0.3937232003164289,0.11322541392138527
497,81cd12c4-7e75-4cce-9935-4419cc294ab8,5,0,0,0.37153594906819265,0.05267753059837684
498,81cd12c4-7e75-4cce-9935-4419cc294ab8,6,0,0,0.3609259012134538,0.023723248142530153
499,81cd12c4-7e75-4cce-9935-4419cc294ab8,7,1,0,0.35611251269957545,0.010587755022363454
500,81cd12c4-7e75-4cce-9935-4419cc294ab8,8,0,0,0.360114961136824,0.02151023380414373
501,82120f74-c51c-4cf6-b8c6-51bdafd63ef8,1,0,0,0.5752589496244679,0.6086272663221797
502,82120f74-c51c-4cf6-b8c6-51bdafd63ef8,2,0,0,0.499985386711561,0.4032095309945493
503,82120f74-c51c-4cf6-b8c6-51bdafd63ef8,3,1,0,0.4354049807995527,0.22697287876735428
504,82120f74-c51c-4cf6-b8c6-51bdafd63ef8,4,0,0,0.4895493143362438,0.37473001879803935
505,83205e5a-da1c-4626-a967-8f685afc8fb8,1,1,0,0.5752589496244679,0.6086272663221797
506,83205e5a-da1c-4626-a967-8f685afc8fb8,2,0,0,0.6308734268570582,0.760396353933547
507,83205e5a-da1c-4626-a967-8f685afc8fb8,3,0,0,0.5646182718829909,0.5795893964589668
508,83205e5a-da1c-4626-a967-8f685afc8fb8,4,0,0,0.4895010710962507,0.37459836544298636
509,83205e5a-da1c-4626-a967-8f685afc8fb8,5,0,0,0.42792108408332064,0.20654970421066446
510,83205e5a-da1c-4626-a967-8f685afc8fb8,6,0,0,0.3895013772152266,0.1017042728083194
511,83205e5a-da1c-4626-a967-8f685afc8fb8,7,1,0,0.36945764242785284,0.047005937188231636
512,83205e5a-da1c-4626-a967-8f685afc8fb8,8,1,0,0.38578752009084666,0.09156934508205765
513,83205e5a-da1c-4626-a967-8f685afc8fb8,9,0,0,0.41478554044388566,0.170703471851078
514,834fb28c-02d8-4494-a6e6-54c84f783a72,1,0,0,0.5752589496244679,0.6086272663221797
515,834fb28c-02d8-4494-a6e6-54c84f783a72,2,0,0,0.499985386711561,0.4032095309945493
516,85b06fa3-737d-4dd4-aaec-cfaed56b512c,1,0,0,0.5752589496244679,0.6086272663221797
517,85b06fa3-737d-4dd4-aaec-cfaed56b512c,2,1,0,0.499985386711561,0.4032095309945493
518,85b06fa3-737d-4dd4-aaec-cfaed56b512c,3,1,0,0.5646334722780506,0.5796308775661235
519,85b06fa3-737d-4dd4-aaec-cfaed56b512c,4,1,0,0.6225936869618168,0.737801363706365
520,87e81d4c-7f76-49c6-a01f-9547fc37da3a,1,1,0,0.5752589496244679,0.6086272663221797
521,87e81d4c-7f76-49c6-a01f-9547fc37da3a,2,1,0,0.6308734268570582,0.760396353933547
522,87e81d4c-7f76-49c6-a01f-9547fc37da3a,3,0,0,0.6696599176647287,0.8662427201037801
523,895945a4-ec5f-4633-8f29-23aaeb124269,1,0,0,0.5752589496244679,0.6086272663221797
524,895945a4-ec5f-4633-8f29-23aaeb124269,2,0,0,0.499985386711561,0.4032095309945493
525,895945a4-ec5f-4633-8f29-23aaeb124269,3,0,0,0.4354049807995527,0.22697287876735428
526,895945a4-ec5f-4633-8f29-23aaeb124269,4,1,0,0.3937232003164289,0.11322541392138527
527,895945a4-ec5f-4633-8f29-23aaeb124269,5,1,0,0.4280089432206102,0.20678946734012776
528,895945a4-ec5f-4633-8f29-23aaeb124269,6,0,0,0.4795042870487699,0.34731764881251637
529,899dd67e-f0fe-48f4-91d8-2b1c737d75f4,1,1,0,0.5752589496244679,0.6086272663221797
530,899dd67e-f0fe-48f4-91d8-2b1c737d75f4,2,1,0,0.6308734268570582,0.760396353933547
531,899dd67e-f0fe-48f4-91d8-2b1c737d75f4,3,1,0,0.6696599176647287,0.8662427201037801
532,899dd67e-f0fe-48f4-91d8-2b1c737d75f4,4,1,0,0.6928970321169574,0.9296556268616097
533,899dd67e-f0fe-48f4-91d8-2b1c737d75f4,5,1,0,0.7055723085348765,0.9642458133183507
534,899dd67e-f0fe-48f4-91d8-2b1c737d75f4,6,1,0,0.7121344480325752,0.9821535591770246
535,899dd67e-f0fe-48f4-91d8-2b1c737d75f4,7,1,0,0.7154399710407646,0.9911741638108357
536,899dd67e-f0fe-48f4-91d8-2b1c737d75f4,8,0,0,0.7170820847926505,0.9956554089520155
537,89ad84d7-3859-4697-8344-c2fa5a31ae55,1,1,0,0.5752589496244679,0.6086272663221797
538,89ad84d7-3859-4697-8344-c2fa5a31ae55,2,1,0,0.6308734268570582,0.760396353933547
539,89ad84d7-3859-4697-8344-c2fa5a31ae55,3,1,0,0.6696599176647287,0.8662427201037801
540,89ad84d7-3859-4697-8344-c2fa5a31ae55,4,1,0,0.6928970321169574,0.9296556268616097
541,89ad84d7-3859-4697-8344-c2fa5a31ae55,5,1,0,0.7055723085348765,0.9642458133183507
542,89ad84d7-3859-4697-8344-c2fa5a31ae55,6,0,0,0.7121344480325752,0.9821535591770246
543,89ad84d7-3859-4697-8344-c2fa5a31ae55,7,1,0,0.7039604191780366,0.9598470490182754
544,89ad84d7-3859-4697-8344-c2fa5a31ae55,8,1,0,0.7113130688212188,0.9799120569694403
545,89ad84d7-3859-4697-8344-c2fa5a31ae55,9,0,0,0.7150295598703043,0.990054172542631
546,8a355da4-9df3-4559-b71a-0521e9aef4e0,1,1,0,0.5752589496244679,0.6086272663221797
547,8a355da4-9df3-4559-b71a-0521e9aef4e0,2,1,0,0.6308734268570582,0.760396353933547
548,8a355da4-9df3-4559-b71a-0521e9aef4e0,3,1,0,0.6696599176647287,0.8662427201037801
549,8a3660db-7e5c-4bbc-a526-7a7eccf7aab3,1,1,0,0.5752589496244679,0.6086272663221797
550,8a3660db-7e5c-4bbc-a526-7a7eccf7aab3,2,1,0,0.6308734268570582,0.760396353933547
551,8a3660db-7e5c-4bbc-a526-7a7eccf7aab3,3,1,0,0.6696599176647287,0.8662427201037801
552,8a3660db-7e5c-4bbc-a526-7a7eccf7aab3,4,1,0,0.6928970321169574,0.9296556268616097
553,8a3660db-7e5c-4bbc-a526-7a7eccf7aab3,5,1,0,0.7055723085348765,0.9642458133183507
554,8a3660db-7e5c-4bbc-a526-7a7eccf7aab3,6,1,0,0.7121344480325752,0.9821535591770246
555,8a3660db-7e5c-4bbc-a526-7a7eccf7aab3,7,0,0,0.7154399710407646,0.9911741638108357
556,8a3660db-7e5c-4bbc-a526-7a7eccf7aab3,8,0,0,0.7113130341137142,0.9799119622544205
557,8a7950fe-209f-441b-b777-19dd69af126d,1,1,0,0.5752589496244679,0.6086272663221797
558,8a7950fe-209f-441b-b777-19dd69af126d,2,1,0,0.6308734268570582,0.760396353933547
559,8a7950fe-209f-441b-b777-19dd69af126d,3,1,0,0.6696599176647287,0.8662427201037801
560,8a87e0f4-601d-4c18-a30e-0c5208cb029c,1,1,0,0.5752589496244679,0.6086272663221797
561,8a87e0f4-601d-4c18-a30e-0c5208cb029c,2,0,0,0.6308734268570582,0.760396353933547
562,8a87e0f4-601d-4c18-a30e-0c5208cb029c,3,1,0,0.5646182718829909,0.5795893964589668
563,8c2f5728-574a-4b80-a1d8-224516c70717,1,0,0,0.5752589496244679,0.6086272663221797
564,8c2f5728-574a-4b80-a1d8-224516c70717,2,1,0,0.499985386711561,0.4032095309945493
565,8c2f5728-574a-4b80-a1d8-224516c70717,3,0,0,0.5646334722780506,0.5796308775661235
566,8c2f5728-574a-4b80-a1d8-224516c70717,4,0,0,0.48951568259858413,0.3746382394917618
567,8c2f5728-574a-4b80-a1d8-224516c70717,5,0,0,0.42793130012987113,0.20657758328354459
568,8c2f5728-574a-4b80-a1d8-224516c70717,6,1,0,0.3895070650106302,0.10171979451349182
569,8c2f5728-574a-4b80-a1d8-224516c70717,7,0,0,0.4210505904562852,0.1878004755726965
570,8c2f5728-574a-4b80-a1d8-224516c70717,8,0,0,0.3857216834436635,0.09138968021111789
571,8c449422-6cf7-49db-a66e-26309a2d53dd,1,1,0,0.5752589496244679,0.6086272663221797
572,8c449422-6cf7-49db-a66e-26309a2d53dd,2,0,0,0.6308734268570582,0.760396353933547
573,8c449422-6cf7-49db-a66e-26309a2d53dd,3,1,0,0.5646182718829909,0.5795893964589668
574,8dc658aa-6962-4352-a1aa-8632458d587e,1,1,0,0.5752589496244679,0.6086272663221797
575,8dc658aa-6962-4352-a1aa-8632458d587e,2,1,0,0.6308734268570582,0.760396353933547
576,8dc658aa-6962-4352-a1aa-8632458d587e,3,1,0,0.6696599176647287,0.8662427201037801
577,8dc658aa-6962-4352-a1aa-8632458d587e,4,1,0,0.6928970321169574,0.9296556268616097
578,8dc658aa-6962-4352-a1aa-8632458d587e,5,1,0,0.7055723085348765,0.9642458133183507
579,8dc658aa-6962-4352-a1aa-8632458d587e,6,1,0,0.7121344480325752,0.9821535591770246
580,8dc658aa-6962-4352-a1aa-8632458d587e,7,1,0,0.7154399710407646,0.9911741638108357
581,8dc658aa-6962-4352-a1aa-8632458d587e,8,0,0,0.7170820847926505,0.9956554089520155
582,8ddffd59-a4c1-4b1c-ba11-70ecc4990a8e,1,0,0,0.5752589496244679,0.6086272663221797
583,8ddffd59-a4c1-4b1c-ba11-70ecc4990a8e,2,0,0,0.499985386711561,0.4032095309945493
584,8ddffd59-a4c1-4b1c-ba11-70ecc4990a8e,3,1,0,0.4354049807995527,0.22697287876735428
585,8ddffd59-a4c1-4b1c-ba11-70ecc4990a8e,4,0,0,0.4895493143362438,0.37473001879803935
586,8ddffd59-a4c1-4b1c-ba11-70ecc4990a8e,5,0,0,0.42795481693615794,0.20664175945513322
587,8ddffd59-a4c1-4b1c-ba11-70ecc4990a8e,6,0,0,0.3895201587910518,0.10175552677614814
588,8ddffd59-a4c1-4b1c-ba11-70ecc4990a8e,7,1,0,0.36946682451146373,0.047030994628692084
589,8ddffd59-a4c1-4b1c-ba11-70ecc4990a8e,8,0,0,0.38580454557178484,0.09161580675600868
590,8f0395db-c92a-49b3-a9c5-7d77b6dada47,1,0,0,0.5752589496244679,0.6086272663221797
591,8f0395db-c92a-49b3-a9c5-7d77b6dada47,2,0,0,0.499985386711561,0.4032095309945493
592,8f0395db-c92a-49b3-a9c5-7d77b6dada47,3,0,0,0.4354049807995527,0.22697287876735428
593,8f0395db-c92a-49b3-a9c5-7d77b6dada47,4,0,0,0.3937232003164289,0.11322541392138527
594,903a2854-e985-45fa-baf7-df837d731571,1,1,0,0.5752589496244679,0.6086272663221797
595,903a2854-e985-45fa-baf7-df837d731571,2,1,0,0.6308734268570582,0.760396353933547
596,903a2854-e985-45fa-baf7-df837d731571,3,1,0,0.6696599176647287,0.8662427201037801
597,903a2854-e985-45fa-baf7-df837d731571,4,0,0,0.6928970321169574,0.9296556268616097
598,92026194-ce10-4b9b-9c22-8a99c46b510f,1,1,0,0.5752589496244679,0.6086272663221797
599,92026194-ce10-4b9b-9c22-8a99c46b510f,2,1,0,0.6308734268570582,0.760396353933547
600,92026194-ce10-4b9b-9c22-8a99c46b510f,3,1,0,0.6696599176647287,0.8662427201037801
601,92026194-ce10-4b9b-9c22-8a99c46b510f,4,1,0,0.6928970321169574,0.9296556268616097
602,92026194-ce10-4b9b-9c22-8a99c46b510f,5,1,0,0.7055723085348765,0.9642458133183507
603,92026194-ce10-4b9b-9c22-8a99c46b510f,6,1,0,0.7121344480325752,0.9821535591770246
604,92026194-ce10-4b9b-9c22-8a99c46b510f,7,1,0,0.7154399710407646,0.9911741638108357
605,92bbbb8f-c634-4d00-9266-b713306d6c69,1,1,0,0.5752589496244679,0.6086272663221797
606,92bbbb8f-c634-4d00-9266-b713306d6c69,2,0,0,0.6308734268570582,0.760396353933547
607,92bbbb8f-c634-4d00-9266-b713306d6c69,3,0,0,0.5646182718829909,0.5795893964589668
608,92e91962-e69f-447a-8619-42a5e7f74231,1,0,0,0.5752589496244679,0.6086272663221797
609,942565f6-f790-4d21-b407-56fbf99ed82b,1,0,0,0.5752589496244679,0.6086272663221797
610,942565f6-f790-4d21-b407-56fbf99ed82b,2,0,0,0.499985386711561,0.4032095309945493
611,942565f6-f790-4d21-b407-56fbf99ed82b,3,1,0,0.4354049807995527,0.22697287876735428
612,942565f6-f790-4d21-b407-56fbf99ed82b,4,1,0,0.4895493143362438,0.37473001879803935
613,942565f6-f790-4d21-b407-56fbf99ed82b,5,0,0,0.5538419783003974,0.5501814378437588
614,942565f6-f790-4d21-b407-56fbf99ed82b,6,1,0,0.47939282652616766,0.34701347869959276
615,942565f6-f790-4d21-b407-56fbf99ed82b,7,1,0,0.5428884553612982,0.5202898293036878
616,942565f6-f790-4d21-b407-56fbf99ed82b,8,1,0,0.6046388787064662,0.688803602642187
617,942565f6-f790-4d21-b407-56fbf99ed82b,9,1,0,0.6522525327422414,0.8187388495497726
618,99b694f3-7339-498c-af17-f15ff8a168c3,1,1,0,0.5752589496244679,0.6086272663221797
619,99b694f3-7339-498c-af17-f15ff8a168c3,2,0,0,0.6308734268570582,0.760396353933547
620,9b000738-6bec-43cd-bb49-062f7ce1c884,1,1,0,0.5752589496244679,0.6086272663221797
621,9b000738-6bec-43cd-bb49-062f7ce1c884,2,1,0,0.6308734268570582,0.760396353933547
622,9b000738-6bec-43cd-bb49-062f7ce1c884,3,1,0,0.6696599176647287,0.8662427201037801
623,9b000738-6bec-43cd-bb49-062f7ce1c884,4,1,0,0.6928970321169574,0.9296556268616097
624,9b66e41a-c2b4-4368-bd8b-8a58813220cd,1,0,0,0.5752589496244679,0.6086272663221797
625,9b66e41a-c2b4-4368-bd8b-8a58813220cd,2,0,0,0.499985386711561,0.4032095309945493
626,9b66e41a-c2b4-4368-bd8b-8a58813220cd,3,1,0,0.4354049807995527,0.22697287876735428
627,9b66e41a-c2b4-4368-bd8b-8a58813220cd,4,1,0,0.4895493143362438,0.37473001879803935
628,9b66e41a-c2b4-4368-bd8b-8a58813220cd,5,1,0,0.5538419783003974,0.5501814378437588
629,9b66e41a-c2b4-4368-bd8b-8a58813220cd,6,0,0,0.6138594025247617,0.713965944478991
630,9b66e41a-c2b4-4368-bd8b-8a58813220cd,7,1,0,0.5428686602858377,0.5202358095467591
631,9b66e41a-c2b4-4368-bd8b-8a58813220cd,8,1,0,0.6046218786629585,0.6887572103856936
632,9bf5a62d-1153-4d19-9a7e-bace07f6a1c4,1,0,0,0.5752589496244679,0.6086272663221797
633,9bf5a62d-1153-4d19-9a7e-bace07f6a1c4,2,1,0,0.499985386711561,0.4032095309945493
634,9bf5a62d-1153-4d19-9a7e-bace07f6a1c4,3,1,0,0.5646334722780506,0.5796308775661235
635,9cba6d6c-6920-441a-8404-00b9531d39bd,1,1,0,0.5752589496244679,0.6086272663221797
636,9cba6d6c-6920-441a-8404-00b9531d39bd,2,1,0,0.6308734268570582,0.760396353933547
637,9cba6d6c-6920-441a-8404-00b9531d39bd,3,1,0,0.6696599176647287,0.8662427201037801
638,9cba6d6c-6920-441a-8404-00b9531d39bd,4,1,0,0.6928970321169574,0.9296556268616097
639,9cba6d6c-6920-441a-8404-00b9531d39bd,5,1,0,0.7055723085348765,0.9642458133183507
640,9cba6d6c-6920-441a-8404-00b9531d39bd,6,0,0,0.7121344480325752,0.9821535591770246
641,9cba6d6c-6920-441a-8404-00b9531d39bd,7,1,0,0.7039604191780366,0.9598470490182754
642,9cba6d6c-6920-441a-8404-00b9531d39bd,8,1,0,0.7113130688212188,0.9799120569694403
643,9cba6d6c-6920-441a-8404-00b9531d39bd,9,0,0,0.7150295598703043,0.990054172542631
644,9ceb29fe-0022-4ae0-bf56-ec6084c9f4bf,1,1,0,0.5752589496244679,0.6086272663221797
645,9ceb29fe-0022-4ae0-bf56-ec6084c9f4bf,2,0,0,0.6308734268570582,0.760396353933547
646,9ceb29fe-0022-4ae0-bf56-ec6084c9f4bf,3,1,0,0.5646182718829909,0.5795893964589668
647,9ceb29fe-0022-4ae0-bf56-ec6084c9f4bf,4,1,0,0.6225816190653655,0.737768431029031
648,9ceb29fe-0022-4ae0-bf56-ec6084c9f4bf,5,0,0,0.6643166252079207,0.8516611459999923
649,9ceb29fe-0022-4ae0-bf56-ec6084c9f4bf,6,1,0,0.6137959355421284,0.713792746302419
650,9ceb29fe-0022-4ae0-bf56-ec6084c9f4bf,7,1,0,0.658497556293444,0.8357812020745232
651,9ceb29fe-0022-4ae0-bf56-ec6084c9f4bf,8,1,0,0.686490162974866,0.912171605928103
652,9ceb29fe-0022-4ae0-bf56-ec6084c9f4bf,9,1,0,0.7021631980022767,0.9549425235843643
653,9d0355cb-5a78-4973-8de6-c12e91461ead,1,0,0,0.5752589496244679,0.6086272663221797
654,9d0355cb-5a78-4973-8de6-c12e91461ead,2,1,0,0.499985386711561,0.4032095309945493
655,9d0355cb-5a78-4973-8de6-c12e91461ead,3,1,0,0.5646334722780506,0.5796308775661235
656,9d0355cb-5a78-4973-8de6-c12e91461ead,4,0,0,0.6225936869618168,0.737801363706365
657,9d0355cb-5a78-4973-8de6-c12e91461ead,5,1,0,0.5537890449748499,0.5500369854831085
658,9d0355cb-5a78-4973-8de6-c12e91461ead,6,0,0,0.6138157210595498,0.7138467399759442
659,9d0355cb-5a78-4973-8de6-c12e91461ead,7,0,0,0.5428152871924449,0.5200901570819639
660,9d0355cb-5a78-4973-8de6-c12e91461ead,8,0,0,0.4695429670619093,0.3201337118047477
661,9df8301a-bdc6-4fff-bebc-173597dc47a5,1,0,0,0.5752589496244679,0.6086272663221797
662,9df8301a-bdc6-4fff-bebc-173597dc47a5,2,1,0,0.499985386711561,0.4032095309945493
663,9df8301a-bdc6-4fff-bebc-173597dc47a5,3,1,0,0.5646334722780506,0.5796308775661235
664,9df8301a-bdc6-4fff-bebc-173597dc47a5,4,1,0,0.6225936869618168,0.737801363706365
665,9f230064-ee93-4621-87ca-c880b835dc23,1,1,0,0.5752589496244679,0.6086272663221797
666,a04690c5-8ed9-4016-8f7f-c8d5d86e6c1f,1,1,0,0.5752589496244679,0.6086272663221797
667,a04690c5-8ed9-4016-8f7f-c8d5d86e6c1f,2,1,0,0.6308734268570582,0.760396353933547
668,a04690c5-8ed9-4016-8f7f-c8d5d86e6c1f,3,1,0,0.6696599176647287,0.8662427201037801
669,a04690c5-8ed9-4016-8f7f-c8d5d86e6c1f,4,1,0,0.6928970321169574,0.9296556268616097
670,a0f13498-ae1b-4e97-a7e5-0a704d7c0f8c,1,0,0,0.5752589496244679,0.6086272663221797
671,a0f13498-ae1b-4e97-a7e5-0a704d7c0f8c,2,1,0,0.499985386711561,0.4032095309945493
672,a0f13498-ae1b-4e97-a7e5-0a704d7c0f8c,3,1,0,0.5646334722780506,0.5796308775661235
673,a0f94ce7-f031-4d95-9a37-bfaa8df593a9,1,0,0,0.5752589496244679,0.6086272663221797
674,a0f94ce7-f031-4d95-9a37-bfaa8df593a9,2,1,0,0.499985386711561,0.4032095309945493
675,a0f94ce7-f031-4d95-9a37-bfaa8df593a9,3,1,0,0.5646334722780506,0.5796308775661235
676,a0f94ce7-f031-4d95-9a37-bfaa8df593a9,4,0,0,0.6225936869618168,0.737801363706365
677,a0f94ce7-f031-4d95-9a37-bfaa8df593a9,5,1,0,0.5537890449748499,0.5500369854831085
678,a0f94ce7-f031-4d95-9a37-bfaa8df593a9,6,1,0,0.6138157210595498,0.7138467399759442
679,a0f94ce7-f031-4d95-9a37-bfaa8df593a9,7,1,0,0.6585108480887577,0.835817474709777
680,a0f94ce7-f031-4d95-9a37-bfaa8df593a9,8,0,0,0.6864979212431142,0.9121927778486542
681,a1550db6-412c-4b86-af81-69638fdb14f4,1,1,0,0.5752589496244679,0.6086272663221797
682,a1550db6-412c-4b86-af81-69638fdb14f4,2,1,0,0.6308734268570582,0.760396353933547
683,a1550db6-412c-4b86-af81-69638fdb14f4,3,0,0,0.6696599176647287,0.8662427201037801
684,a1550db6-412c-4b86-af81-69638fdb14f4,4,0,0,0.6225757041697492,0.7377522895788963
685,a1550db6-412c-4b86-af81-69638fdb14f4,5,0,0,0.5537660420352044,0.5499742116275212
686,a1550db6-412c-4b86-af81-69638fdb14f4,6,0,0,0.47932332999271743,0.3468238261846586
687,a1550db6-412c-4b86-af81-69638fdb14f4,7,1,0,0.4209443257993749,0.18751048471371287
688,a1550db6-412c-4b86-af81-69638fdb14f4,8,0,0,0.4695797697566517,0.3202341444920736
689,a30bf433-4541-440a-928f-d43f4f26c76a,1,1,0,0.5752589496244679,0.6086272663221797
690,a30bf433-4541-440a-928f-d43f4f26c76a,2,1,0,0.6308734268570582,0.760396353933547
691,a30bf433-4541-440a-928f-d43f4f26c76a,3,1,0,0.6696599176647287,0.8662427201037801
692,a34a872e-f726-451f-8b35-4e6138fda724,1,1,0,0.5752589496244679,0.6086272663221797
693,a34a872e-f726-451f-8b35-4e6138fda724,2,1,0,0.6308734268570582,0.760396353933547
694,a34a872e-f726-451f-8b35-4e6138fda724,3,1,0,0.6696599176647287,0.8662427201037801
695,a34a872e-f726-451f-8b35-4e6138fda724,4,1,0,0.6928970321169574,0.9296556268616097
696,a34a872e-f726-451f-8b35-4e6138fda724,5,1,0,0.7055723085348765,0.9642458133183507
697,a34a872e-f726-451f-8b35-4e6138fda724,6,1,0,0.7121344480325752,0.9821535591770246
698,a34a872e-f726-451f-8b35-4e6138fda724,7,1,0,0.7154399710407646,0.9911741638108357
699,a34a872e-f726-451f-8b35-4e6138fda724,8,0,0,0.7170820847926505,0.9956554089520155
700,a4739884-08a7-4d18-832c-213aaaa30dbd,1,1,0,0.5752589496244679,0.6086272663221797
701,a4739884-08a7-4d18-832c-213aaaa30dbd,2,1,0,0.6308734268570582,0.760396353933547
702,a4739884-08a7-4d18-832c-213aaaa30dbd,3,1,0,0.6696599176647287,0.8662427201037801
703,a4739884-08a7-4d18-832c-213aaaa30dbd,4,1,0,0.6928970321169574,0.9296556268616097
704,a4739884-08a7-4d18-832c-213aaaa30dbd,5,0,0,0.7055723085348765,0.9642458133183507
705,a5e00cd9-a3f8-483c-b7ce-92270214fe70,1,1,0,0.5752589496244679,0.6086272663221797
706,a5e00cd9-a3f8-483c-b7ce-92270214fe70,2,0,0,0.6308734268570582,0.760396353933547
707,a5e00cd9-a3f8-483c-b7ce-92270214fe70,3,0,0,0.5646182718829909,0.5795893964589668
708,a5e00cd9-a3f8-483c-b7ce-92270214fe70,4,0,0,0.4895010710962507,0.37459836544298636
709,a5e00cd9-a3f8-483c-b7ce-92270214fe70,5,1,0,0.42792108408332064,0.20654970421066446
710,a5e00cd9-a3f8-483c-b7ce-92270214fe70,6,1,0,0.4793828730804414,0.3469863162510426
711,a5e00cd9-a3f8-483c-b7ce-92270214fe70,7,0,0,0.5428774931629493,0.5202599140203948
712,a5e00cd9-a3f8-483c-b7ce-92270214fe70,8,0,0,0.469597201231712,0.32028171410339196
713,a67d6521-703e-4ae4-ac09-cb759081384b,1,0,0,0.5752589496244679,0.6086272663221797
714,a8ff0175-f4f1-482f-8d20-12afd06d3af1,1,1,0,0.5752589496244679,0.6086272663221797
715,a8ff0175-f4f1-482f-8d20-12afd06d3af1,2,1,0,0.6308734268570582,0.760396353933547
716,a8ff0175-f4f1-482f-8d20-12afd06d3af1,3,0,0,0.6696599176647287,0.8662427201037801
717,a8ff0175-f4f1-482f-8d20-12afd06d3af1,4,1,0,0.6225757041697492,0.7377522895788963
718,aacbfc0b-72c9-4c75-8b57-ca0f5ad07250,1,1,0,0.5752589496244679,0.6086272663221797
719,aacbfc0b-72c9-4c75-8b57-ca0f5ad07250,2,1,0,0.6308734268570582,0.760396353933547
720,aacbfc0b-72c9-4c75-8b57-ca0f5ad07250,3,1,0,0.6696599176647287,0.8662427201037801
721,aacbfc0b-72c9-4c75-8b57-ca0f5ad07250,4,1,0,0.6928970321169574,0.9296556268616097
722,aacbfc0b-72c9-4c75-8b57-ca0f5ad07250,5,1,0,0.7055723085348765,0.9642458133183507
723,aacbfc0b-72c9-4c75-8b57-ca0f5ad07250,6,1,0,0.7121344480325752,0.9821535591770246
724,aacbfc0b-72c9-4c75-8b57-ca0f5ad07250,7,1,0,0.7154399710407646,0.9911741638108357
725,aacbfc0b-72c9-4c75-8b57-ca0f5ad07250,8,0,0,0.7170820847926505,0.9956554089520155
726,ac7eb070-ca4e-4cc0-b73a-86de6de1cc03,1,0,0,0.5752589496244679,0.6086272663221797
727,ac7eb070-ca4e-4cc0-b73a-86de6de1cc03,2,0,0,0.499985386711561,0.4032095309945493
728,ac7eb070-ca4e-4cc0-b73a-86de6de1cc03,3,1,0,0.4354049807995527,0.22697287876735428
729,aec45f6f-5ee0-4817-bf42-a5b3abc9a2a7,1,1,0,0.5752589496244679,0.6086272663221797
730,aec45f6f-5ee0-4817-bf42-a5b3abc9a2a7,2,0,0,0.6308734268570582,0.760396353933547
731,aec45f6f-5ee0-4817-bf42-a5b3abc9a2a7,3,1,0,0.5646182718829909,0.5795893964589668
732,aec45f6f-5ee0-4817-bf42-a5b3abc9a2a7,4,0,0,0.6225816190653655,0.737768431029031
733,aec45f6f-5ee0-4817-bf42-a5b3abc9a2a7,5,0,0,0.553773607914622,0.5499948585287118
734,aec45f6f-5ee0-4817-bf42-a5b3abc9a2a7,6,1,0,0.4793302531911094,0.34684271924192706
735,aec45f6f-5ee0-4817-bf42-a5b3abc9a2a7,7,0,0,0.5428195328363419,0.5201017432288203
736,aec45f6f-5ee0-4817-bf42-a5b3abc9a2a7,8,0,0,0.4695466681500595,0.32014381188659097
737,aed3cb98-700f-4613-b250-08fd3fd31276,1,1,0,0.5752589496244679,0.6086272663221797
738,aed3cb98-700f-4613-b250-08fd3fd31276,2,0,0,0.6308734268570582,0.760396353933547
739,aed3cb98-700f-4613-b250-08fd3fd31276,3,1,0,0.5646182718829909,0.5795893964589668
740,aed3cb98-700f-4613-b250-08fd3fd31276,4,1,0,0.6225816190653655,0.737768431029031
741,aed3cb98-700f-4613-b250-08fd3fd31276,5,0,0,0.6643166252079207,0.8516611459999923
742,aed3cb98-700f-4613-b250-08fd3fd31276,6,1,0,0.6137959355421284,0.713792746302419
743,aed3cb98-700f-4613-b250-08fd3fd31276,7,0,0,0.658497556293444,0.8357812020745232
744,aed3cb98-700f-4613-b250-08fd3fd31276,8,1,0,0.6045469290699995,0.6885526767479387
745,aed3cb98-700f-4613-b250-08fd3fd31276,9,0,0,0.6521888646002484,0.8185651024195105
746,af7c09bf-9d4a-467c-b5b1-bc082a73773b,1,1,0,0.5752589496244679,0.6086272663221797
747,af7c09bf-9d4a-467c-b5b1-bc082a73773b,2,1,0,0.6308734268570582,0.760396353933547
748,af7c09bf-9d4a-467c-b5b1-bc082a73773b,3,1,0,0.6696599176647287,0.8662427201037801
749,af7c09bf-9d4a-467c-b5b1-bc082a73773b,4,1,0,0.6928970321169574,0.9296556268616097
750,af7c09bf-9d4a-467c-b5b1-bc082a73773b,5,1,0,0.7055723085348765,0.9642458133183507
751,af7c09bf-9d4a-467c-b5b1-bc082a73773b,6,1,0,0.7121344480325752,0.9821535591770246
752,af7c09bf-9d4a-467c-b5b1-bc082a73773b,7,1,0,0.7154399710407646,0.9911741638108357
753,b023982e-26aa-4f13-9bd9-0020de2fca4d,1,0,0,0.5752589496244679,0.6086272663221797
754,b023982e-26aa-4f13-9bd9-0020de2fca4d,2,0,0,0.499985386711561,0.4032095309945493
755,b023982e-26aa-4f13-9bd9-0020de2fca4d,3,1,0,0.4354049807995527,0.22697287876735428
756,b023982e-26aa-4f13-9bd9-0020de2fca4d,4,1,0,0.4895493143362438,0.37473001879803935
757,b0b2e9ca-5f18-42c3-b180-a3fa95e23845,1,0,0,0.5752589496244679,0.6086272663221797
758,b0b2e9ca-5f18-42c3-b180-a3fa95e23845,2,0,0,0.499985386711561,0.4032095309945493
759,b0b2e9ca-5f18-42c3-b180-a3fa95e23845,3,1,0,0.4354049807995527,0.22697287876735428
760,b0b2e9ca-5f18-42c3-b180-a3fa95e23845,4,0,0,0.4895493143362438,0.37473001879803935
761,b0b2e9ca-5f18-42c3-b180-a3fa95e23845,5,0,0,0.42795481693615794,0.20664175945513322
762,b0b2e9ca-5f18-42c3-b180-a3fa95e23845,6,0,0,0.3895201587910518,0.10175552677614814
763,b0b2e9ca-5f18-42c3-b180-a3fa95e23845,7,0,0,0.36946682451146373,0.047030994628692084
764,b0b2e9ca-5f18-42c3-b180-a3fa95e23845,8,1,0,0.3599745004754943,0.02112692378351461
765,b0cd2a85-c4a8-4173-ac71-5147ac31e061,1,1,0,0.5752589496244679,0.6086272663221797
766,b0cd2a85-c4a8-4173-ac71-5147ac31e061,2,0,0,0.6308734268570582,0.760396353933547
767,b0cd2a85-c4a8-4173-ac71-5147ac31e061,3,1,0,0.5646182718829909,0.5795893964589668
768,b0cd2a85-c4a8-4173-ac71-5147ac31e061,4,1,0,0.6225816190653655,0.737768431029031
769,b0cd2a85-c4a8-4173-ac71-5147ac31e061,5,0,0,0.6643166252079207,0.8516611459999923
770,b0cd2a85-c4a8-4173-ac71-5147ac31e061,6,1,0,0.6137959355421284,0.713792746302419
771,b0cd2a85-c4a8-4173-ac71-5147ac31e061,7,1,0,0.658497556293444,0.8357812020745232
772,b0cd2a85-c4a8-4173-ac71-5147ac31e061,8,1,0,0.686490162974866,0.912171605928103
773,b0cd2a85-c4a8-4173-ac71-5147ac31e061,9,0,0,0.7021631980022767,0.9549425235843643
774,b293ca8f-3612-4f00-967b-bc8869e8a665,1,1,0,0.5752589496244679,0.6086272663221797
775,b293ca8f-3612-4f00-967b-bc8869e8a665,2,0,0,0.6308734268570582,0.760396353933547
776,b293ca8f-3612-4f00-967b-bc8869e8a665,3,1,0,0.5646182718829909,0.5795893964589668
777,b293ca8f-3612-4f00-967b-bc8869e8a665,4,0,0,0.6225816190653655,0.737768431029031
778,b293ca8f-3612-4f00-967b-bc8869e8a665,5,1,0,0.553773607914622,0.5499948585287118
779,b32c3519-2b6a-420c-959d-e1579369c4e2,1,1,0,0.5752589496244679,0.6086272663221797
780,b32c3519-2b6a-420c-959d-e1579369c4e2,2,1,0,0.6308734268570582,0.760396353933547
781,b32c3519-2b6a-420c-959d-e1579369c4e2,3,1,0,0.6696599176647287,0.8662427201037801
782,b32c3519-2b6a-420c-959d-e1579369c4e2,4,0,0,0.6928970321169574,0.9296556268616097
783,b3f2a06b-1825-4917-ab06-8787dd08156e,1,1,0,0.5752589496244679,0.6086272663221797
784,b3f2a06b-1825-4917-ab06-8787dd08156e,2,1,0,0.6308734268570582,0.760396353933547
785,b3f2a06b-1825-4917-ab06-8787dd08156e,3,1,0,0.6696599176647287,0.8662427201037801
786,b3f2a06b-1825-4917-ab06-8787dd08156e,4,1,0,0.6928970321169574,0.9296556268616097
787,b3f2a06b-1825-4917-ab06-8787dd08156e,5,1,0,0.7055723085348765,0.9642458133183507
788,b58743f8-64bb-4f8d-a21c-eba1f32f27e9,1,0,0,0.5752589496244679,0.6086272663221797
789,b58743f8-64bb-4f8d-a21c-eba1f32f27e9,2,1,0,0.499985386711561,0.4032095309945493
790,b58743f8-64bb-4f8d-a21c-eba1f32f27e9,3,1,0,0.5646334722780506,0.5796308775661235
791,b58743f8-64bb-4f8d-a21c-eba1f32f27e9,4,1,0,0.6225936869618168,0.737801363706365
792,b7002e3e-558a-45db-9ef7-29c21a543e7f,1,1,0,0.5752589496244679,0.6086272663221797
793,b7002e3e-558a-45db-9ef7-29c21a543e7f,2,0,0,0.6308734268570582,0.760396353933547
794,b7002e3e-558a-45db-9ef7-29c21a543e7f,3,0,0,0.5646182718829909,0.5795893964589668
795,b7002e3e-558a-45db-9ef7-29c21a543e7f,4,0,0,0.4895010710962507,0.37459836544298636
796,b7002e3e-558a-45db-9ef7-29c21a543e7f,5,0,0,0.42792108408332064,0.20654970421066446
797,b7002e3e-558a-45db-9ef7-29c21a543e7f,6,0,0,0.3895013772152266,0.1017042728083194
798,b7002e3e-558a-45db-9ef7-29c21a543e7f,7,0,0,0.36945764242785284,0.047005937188231636
799,b7002e3e-558a-45db-9ef7-29c21a543e7f,8,0,0,0.35997029239279477,0.021115440139260835
800,b910cc39-9a3f-48d8-8b33-3ac24c598c86,1,1,0,0.5752589496244679,0.6086272663221797
801,b910cc39-9a3f-48d8-8b33-3ac24c598c86,2,0,0,0.6308734268570582,0.760396353933547
802,b910cc39-9a3f-48d8-8b33-3ac24c598c86,3,0,0,0.5646182718829909,0.5795893964589668
803,b910cc39-9a3f-48d8-8b33-3ac24c598c86,4,0,0,0.4895010710962507,0.37459836544298636
804,b910cc39-9a3f-48d8-8b33-3ac24c598c86,5,1,0,0.42792108408332064,0.20654970421066446
805,b910cc39-9a3f-48d8-8b33-3ac24c598c86,6,0,0,0.4793828730804414,0.3469863162510426
806,b910cc39-9a3f-48d8-8b33-3ac24c598c86,7,0,0,0.42098434883390473,0.1876197055449836
807,b910cc39-9a3f-48d8-8b33-3ac24c598c86,8,0,0,0.3856856782398733,0.09129142383615213
808,ba7c04b9-a8af-4320-8e85-713be58e2085,1,1,0,0.5752589496244679,0.6086272663221797
809,ba7c04b9-a8af-4320-8e85-713be58e2085,2,0,0,0.6308734268570582,0.760396353933547
810,ba7c04b9-a8af-4320-8e85-713be58e2085,3,0,0,0.5646182718829909,0.5795893964589668
811,baf24861-4ca0-4283-8318-f4c9a8b6e522,1,1,0,0.5752589496244679,0.6086272663221797
812,baf24861-4ca0-4283-8318-f4c9a8b6e522,2,0,0,0.6308734268570582,0.760396353933547
813,baf24861-4ca0-4283-8318-f4c9a8b6e522,3,0,0,0.5646182718829909,0.5795893964589668
814,baf24861-4ca0-4283-8318-f4c9a8b6e522,4,0,0,0.4895010710962507,0.37459836544298636
815,bc385fcf-8f40-4555-83e7-fd4fccc3e549,1,1,0,0.5752589496244679,0.6086272663221797
816,bc385fcf-8f40-4555-83e7-fd4fccc3e549,2,0,0,0.6308734268570582,0.760396353933547
817,bc385fcf-8f40-4555-83e7-fd4fccc3e549,3,1,0,0.5646182718829909,0.5795893964589668
818,bd8ee798-7070-48a3-8579-4bbaf4650720,1,1,0,0.5752589496244679,0.6086272663221797
819,bd8ee798-7070-48a3-8579-4bbaf4650720,2,1,0,0.6308734268570582,0.760396353933547
820,bd8ee798-7070-48a3-8579-4bbaf4650720,3,1,0,0.6696599176647287,0.8662427201037801
821,bd8ee798-7070-48a3-8579-4bbaf4650720,4,1,0,0.6928970321169574,0.9296556268616097
822,bd8ee798-7070-48a3-8579-4bbaf4650720,5,1,0,0.7055723085348765,0.9642458133183507
823,bd8ee798-7070-48a3-8579-4bbaf4650720,6,1,0,0.7121344480325752,0.9821535591770246
824,bd8ee798-7070-48a3-8579-4bbaf4650720,7,1,0,0.7154399710407646,0.9911741638108357
825,bd8ee798-7070-48a3-8579-4bbaf4650720,8,0,0,0.7170820847926505,0.9956554089520155
826,be845caf-3d31-4cd6-a0cc-a544b2c7a635,1,0,0,0.5752589496244679,0.6086272663221797
827,be845caf-3d31-4cd6-a0cc-a544b2c7a635,2,1,0,0.499985386711561,0.4032095309945493
828,bebf15fa-829e-4179-af0f-8dcb49a632e7,1,0,0,0.5752589496244679,0.6086272663221797
829,bebf15fa-829e-4179-af0f-8dcb49a632e7,2,1,0,0.499985386711561,0.4032095309945493
830,bebf15fa-829e-4179-af0f-8dcb49a632e7,3,0,0,0.5646334722780506,0.5796308775661235
831,c11c4f19-3b97-47af-ad00-2d6020dbfde4,1,1,0,0.5752589496244679,0.6086272663221797
832,c11c4f19-3b97-47af-ad00-2d6020dbfde4,2,1,0,0.6308734268570582,0.760396353933547
833,c11c4f19-3b97-47af-ad00-2d6020dbfde4,3,1,0,0.6696599176647287,0.8662427201037801
834,c11c4f19-3b97-47af-ad00-2d6020dbfde4,4,0,0,0.6928970321169574,0.9296556268616097
835,c11c4f19-3b97-47af-ad00-2d6020dbfde4,5,1,0,0.6643108698702619,0.851645439975431
836,c11c4f19-3b97-47af-ad00-2d6020dbfde4,6,1,0,0.68985370200721,0.9213505333492695
837,c11c4f19-3b97-47af-ad00-2d6020dbfde4,7,0,0,0.7039608408138389,0.9598481996409942
838,c11c4f19-3b97-47af-ad00-2d6020dbfde4,8,0,0,0.6864844956381917,0.912156140053765
839,c27934ae-016b-4256-b10d-103087fc1620,1,1,0,0.5752589496244679,0.6086272663221797
840,c2d11d30-7933-45c7-a076-b34835a21f27,1,1,0,0.5752589496244679,0.6086272663221797
841,c2d11d30-7933-45c7-a076-b34835a21f27,2,1,0,0.6308734268570582,0.760396353933547
842,c2d11d30-7933-45c7-a076-b34835a21f27,3,1,0,0.6696599176647287,0.8662427201037801
843,c2d11d30-7933-45c7-a076-b34835a21f27,4,0,0,0.6928970321169574,0.9296556268616097
844,c2d11d30-7933-45c7-a076-b34835a21f27,5,1,0,0.6643108698702619,0.851645439975431
845,c2d11d30-7933-45c7-a076-b34835a21f27,6,0,0,0.68985370200721,0.9213505333492695
846,c2d11d30-7933-45c7-a076-b34835a21f27,7,0,0,0.658488984115037,0.8357578090344298
847,c39bec26-adca-4c4d-939e-5d73559e1295,1,0,0,0.5752589496244679,0.6086272663221797
848,c39bec26-adca-4c4d-939e-5d73559e1295,2,1,0,0.499985386711561,0.4032095309945493
849,c39bec26-adca-4c4d-939e-5d73559e1295,3,1,0,0.5646334722780506,0.5796308775661235
850,c39bec26-adca-4c4d-939e-5d73559e1295,4,0,0,0.6225936869618168,0.737801363706365
851,c4348787-5b4d-4550-8594-9e4619704364,1,0,0,0.5752589496244679,0.6086272663221797
852,c4348787-5b4d-4550-8594-9e4619704364,2,0,0,0.499985386711561,0.4032095309945493
853,c4348787-5b4d-4550-8594-9e4619704364,3,1,0,0.4354049807995527,0.22697287876735428
854,c9d7875c-202f-4b1f-89ec-e6276932e1b8,1,1,0,0.5752589496244679,0.6086272663221797
855,c9d7875c-202f-4b1f-89ec-e6276932e1b8,2,1,0,0.6308734268570582,0.760396353933547
856,c9d7875c-202f-4b1f-89ec-e6276932e1b8,3,1,0,0.6696599176647287,0.8662427201037801
857,c9d7875c-202f-4b1f-89ec-e6276932e1b8,4,1,0,0.6928970321169574,0.9296556268616097
858,c9d7875c-202f-4b1f-89ec-e6276932e1b8,5,0,0,0.7055723085348765,0.9642458133183507
859,c9d7875c-202f-4b1f-89ec-e6276932e1b8,6,0,0,0.689853169960224,0.9213490814200302
860,c9d7875c-202f-4b1f-89ec-e6276932e1b8,7,1,0,0.6584879762989876,0.8357550587555473
861,c9d7875c-202f-4b1f-89ec-e6276932e1b8,8,1,0,0.6864845710479205,0.9121563458430904
862,c9d7875c-202f-4b1f-89ec-e6276932e1b8,9,1,0,0.7021601947304777,0.9549343278079502
863,c9f9cbc9-0095-49bb-b1ba-8fe5b711199a,1,1,0,0.5752589496244679,0.6086272663221797
864,c9f9cbc9-0095-49bb-b1ba-8fe5b711199a,2,1,0,0.6308734268570582,0.760396353933547
865,c9f9cbc9-0095-49bb-b1ba-8fe5b711199a,3,0,0,0.6696599176647287,0.8662427201037801
866,ca049e58-4d45-4e87-a4f9-3c973f0ece1d,1,0,0,0.5752589496244679,0.6086272663221797
867,ca049e58-4d45-4e87-a4f9-3c973f0ece1d,2,0,0,0.499985386711561,0.4032095309945493
868,ca049e58-4d45-4e87-a4f9-3c973f0ece1d,3,0,0,0.4354049807995527,0.22697287876735428
869,ca3b64d8-7ff4-4e8b-8fd7-850730de1f83,1,0,0,0.5752589496244679,0.6086272663221797
870,ca56103f-4c8b-4439-b1b1-4aff2634739b,1,0,0,0.5752589496244679,0.6086272663221797
871,ca56103f-4c8b-4439-b1b1-4aff2634739b,2,1,0,0.499985386711561,0.4032095309945493
872,ca56103f-4c8b-4439-b1b1-4aff2634739b,3,0,0,0.5646334722780506,0.5796308775661235
873,ca56103f-4c8b-4439-b1b1-4aff2634739b,4,0,0,0.48951568259858413,0.3746382394917618
874,cb1dbd99-45c3-4fd9-96d8-425e0698b33a,1,1,0,0.5752589496244679,0.6086272663221797
875,cbdc7747-f32c-4a77-a202-5efe65c3eb2d,1,1,0,0.5752589496244679,0.6086272663221797
876,cbdc7747-f32c-4a77-a202-5efe65c3eb2d,2,1,0,0.6308734268570582,0.760396353933547
877,cbdc7747-f32c-4a77-a202-5efe65c3eb2d,3,1,0,0.6696599176647287,0.8662427201037801
878,cbdc7747-f32c-4a77-a202-5efe65c3eb2d,4,0,0,0.6928970321169574,0.9296556268616097
879,ce2f9a7d-dacc-4f9b-bbe6-e4daa7837d59,1,1,0,0.5752589496244679,0.6086272663221797
880,ce2f9a7d-dacc-4f9b-bbe6-e4daa7837d59,2,1,0,0.6308734268570582,0.760396353933547
881,ce2f9a7d-dacc-4f9b-bbe6-e4daa7837d59,3,1,0,0.6696599176647287,0.8662427201037801
882,ce2f9a7d-dacc-4f9b-bbe6-e4daa7837d59,4,0,0,0.6928970321169574,0.9296556268616097
883,cfa98921-6ac1-4a1f-9a77-c387f677743f,1,1,0,0.5752589496244679,0.6086272663221797
884,cfa98921-6ac1-4a1f-9a77-c387f677743f,2,0,0,0.6308734268570582,0.760396353933547
885,cfa98921-6ac1-4a1f-9a77-c387f677743f,3,1,0,0.5646182718829909,0.5795893964589668
886,cfa98921-6ac1-4a1f-9a77-c387f677743f,4,1,0,0.6225816190653655,0.737768431029031
887,cfa98921-6ac1-4a1f-9a77-c387f677743f,5,1,0,0.6643166252079207,0.8516611459999923
888,cfa98921-6ac1-4a1f-9a77-c387f677743f,6,1,0,0.6898570028327923,0.9213595411348663
889,d0bdb77d-a822-4bdb-bedf-c8fff1d8397a,1,1,0,0.5752589496244679,0.6086272663221797
890,d0bdb77d-a822-4bdb-bedf-c8fff1d8397a,2,0,0,0.6308734268570582,0.760396353933547
891,d0bdb77d-a822-4bdb-bedf-c8fff1d8397a,3,1,0,0.5646182718829909,0.5795893964589668
892,d0bdb77d-a822-4bdb-bedf-c8fff1d8397a,4,1,0,0.6225816190653655,0.737768431029031
893,d0bdb77d-a822-4bdb-bedf-c8fff1d8397a,5,1,0,0.6643166252079207,0.8516611459999923
894,d0bdb77d-a822-4bdb-bedf-c8fff1d8397a,6,0,0,0.6898570028327923,0.9213595411348663
895,d0e1f1cf-edc9-4876-afb6-e668f70e670d,1,1,0,0.5752589496244679,0.6086272663221797
896,d0e1f1cf-edc9-4876-afb6-e668f70e670d,2,0,0,0.6308734268570582,0.760396353933547
897,d0e1f1cf-edc9-4876-afb6-e668f70e670d,3,1,0,0.5646182718829909,0.5795893964589668
898,d106719f-cd4e-4db0-b897-b6493634b465,1,1,0,0.5752589496244679,0.6086272663221797
899,d106719f-cd4e-4db0-b897-b6493634b465,2,0,0,0.6308734268570582,0.760396353933547
900,d106719f-cd4e-4db0-b897-b6493634b465,3,1,0,0.5646182718829909,0.5795893964589668
901,d106719f-cd4e-4db0-b897-b6493634b465,4,1,0,0.6225816190653655,0.737768431029031
902,d106719f-cd4e-4db0-b897-b6493634b465,5,1,0,0.6643166252079207,0.8516611459999923
903,d106719f-cd4e-4db0-b897-b6493634b465,6,1,0,0.6898570028327923,0.9213595411348663
904,d106719f-cd4e-4db0-b897-b6493634b465,7,1,0,0.7039625963296621,0.9598529903546363
905,d106719f-cd4e-4db0-b897-b6493634b465,8,1,0,0.7113141807810492,0.9799150914514194
906,d106719f-cd4e-4db0-b897-b6493634b465,9,0,0,0.7150301161139875,0.9900556905034297
907,d35050ec-baa9-4943-922e-38ecd8744a4e,1,1,0,0.5752589496244679,0.6086272663221797
908,d35050ec-baa9-4943-922e-38ecd8744a4e,2,1,0,0.6308734268570582,0.760396353933547
909,d35050ec-baa9-4943-922e-38ecd8744a4e,3,1,0,0.6696599176647287,0.8662427201037801
910,d35050ec-baa9-4943-922e-38ecd8744a4e,4,0,0,0.6928970321169574,0.9296556268616097
911,d45f4fd3-254f-450f-b1fa-29e27ef6df77,1,0,0,0.5752589496244679,0.6086272663221797
912,d4e3b1f8-e727-4138-877f-0c464edac052,1,0,0,0.5752589496244679,0.6086272663221797
913,d4e3b1f8-e727-4138-877f-0c464edac052,2,0,0,0.499985386711561,0.4032095309945493
914,d4e3b1f8-e727-4138-877f-0c464edac052,3,0,0,0.4354049807995527,0.22697287876735428
915,d4e3b1f8-e727-4138-877f-0c464edac052,4,0,0,0.3937232003164289,0.11322541392138527
916,d538c398-20be-46eb-be80-af36424b3065,1,0,0,0.5752589496244679,0.6086272663221797
917,d538c398-20be-46eb-be80-af36424b3065,2,1,0,0.499985386711561,0.4032095309945493
918,d538c398-20be-46eb-be80-af36424b3065,3,1,0,0.5646334722780506,0.5796308775661235
919,d538c398-20be-46eb-be80-af36424b3065,4,0,0,0.6225936869618168,0.737801363706365
920,d538c398-20be-46eb-be80-af36424b3065,5,1,0,0.5537890449748499,0.5500369854831085
921,d538c398-20be-46eb-be80-af36424b3065,6,1,0,0.6138157210595498,0.7138467399759442
922,d538c398-20be-46eb-be80-af36424b3065,7,1,0,0.6585108480887577,0.835817474709777
923,d538c398-20be-46eb-be80-af36424b3065,8,0,0,0.6864979212431142,0.9121927778486542
924,d5f8ebdc-d338-43ad-884e-7028501c15a1,1,0,0,0.5752589496244679,0.6086272663221797
925,d5f8ebdc-d338-43ad-884e-7028501c15a1,2,0,0,0.499985386711561,0.4032095309945493
926,d5f8ebdc-d338-43ad-884e-7028501c15a1,3,1,0,0.4354049807995527,0.22697287876735428
927,d5f8ebdc-d338-43ad-884e-7028501c15a1,4,0,0,0.4895493143362438,0.37473001879803935
928,d5f8ebdc-d338-43ad-884e-7028501c15a1,5,1,0,0.42795481693615794,0.20664175945513322
929,d5f8ebdc-d338-43ad-884e-7028501c15a1,6,0,0,0.4794294949533062,0.3471135449774375
930,d5f8ebdc-d338-43ad-884e-7028501c15a1,7,1,0,0.4210156930157365,0.18770524222743107
931,d5f8ebdc-d338-43ad-884e-7028501c15a1,8,0,0,0.46968169319407366,0.32051228838325946
932,d61c6607-19ce-4334-9769-81220a7e8ae3,1,1,0,0.5752589496244679,0.6086272663221797
933,d61c6607-19ce-4334-9769-81220a7e8ae3,2,0,0,0.6308734268570582,0.760396353933547
934,d61c6607-19ce-4334-9769-81220a7e8ae3,3,1,0,0.5646182718829909,0.5795893964589668
935,d61c6607-19ce-4334-9769-81220a7e8ae3,4,1,0,0.6225816190653655,0.737768431029031
936,d838ae08-0047-43ee-a20c-36e1c1219fb0,1,1,0,0.5752589496244679,0.6086272663221797
937,d838ae08-0047-43ee-a20c-36e1c1219fb0,2,0,0,0.6308734268570582,0.760396353933547
938,d838ae08-0047-43ee-a20c-36e1c1219fb0,3,1,0,0.5646182718829909,0.5795893964589668
939,d838ae08-0047-43ee-a20c-36e1c1219fb0,4,1,0,0.6225816190653655,0.737768431029031
940,d916a000-c62a-4dfb-a895-9a79bd077d16,1,0,0,0.5752589496244679,0.6086272663221797
941,d916a000-c62a-4dfb-a895-9a79bd077d16,2,0,0,0.499985386711561,0.4032095309945493
942,d916a000-c62a-4dfb-a895-9a79bd077d16,3,0,0,0.4354049807995527,0.22697287876735428
943,d916a000-c62a-4dfb-a895-9a79bd077d16,4,0,0,0.3937232003164289,0.11322541392138527
944,d916a000-c62a-4dfb-a895-9a79bd077d16,5,0,0,0.37153594906819265,0.05267753059837684
945,d916a000-c62a-4dfb-a895-9a79bd077d16,6,1,0,0.3609259012134538,0.023723248142530153
946,d916a000-c62a-4dfb-a895-9a79bd077d16,7,0,0,0.36959355428248264,0.047376833746091404
947,dab36864-d431-4c79-a9be-af660d28ec02,1,0,0,0.5752589496244679,0.6086272663221797
948,dab36864-d431-4c79-a9be-af660d28ec02,2,0,0,0.499985386711561,0.4032095309945493
949,dab36864-d431-4c79-a9be-af660d28ec02,3,0,0,0.4354049807995527,0.22697287876735428
950,dc3bf365-6fe8-4d37-8250-2ad565c02855,1,1,0,0.5752589496244679,0.6086272663221797
951,dc3bf365-6fe8-4d37-8250-2ad565c02855,2,1,0,0.6308734268570582,0.760396353933547
952,dc3bf365-6fe8-4d37-8250-2ad565c02855,3,1,0,0.6696599176647287,0.8662427201037801
953,dc3bf365-6fe8-4d37-8250-2ad565c02855,4,1,0,0.6928970321169574,0.9296556268616097
954,dc3bf365-6fe8-4d37-8250-2ad565c02855,5,0,0,0.7055723085348765,0.9642458133183507
955,dc3bf365-6fe8-4d37-8250-2ad565c02855,6,1,0,0.689853169960224,0.9213490814200302
956,dc3bf365-6fe8-4d37-8250-2ad565c02855,7,1,0,0.7039605578476327,0.9598474274405697
957,dc3bf365-6fe8-4d37-8250-2ad565c02855,8,0,0,0.7113131396456231,0.9799122502456474
958,dcf530a3-9f98-44ae-afee-190f718ab73f,1,0,0,0.5752589496244679,0.6086272663221797
959,dcf530a3-9f98-44ae-afee-190f718ab73f,2,0,0,0.499985386711561,0.4032095309945493
960,dcf530a3-9f98-44ae-afee-190f718ab73f,3,1,0,0.4354049807995527,0.22697287876735428
961,dcf530a3-9f98-44ae-afee-190f718ab73f,4,0,0,0.4895493143362438,0.37473001879803935
962,dcf530a3-9f98-44ae-afee-190f718ab73f,5,0,0,0.42795481693615794,0.20664175945513322
963,dcf530a3-9f98-44ae-afee-190f718ab73f,6,0,0,0.3895201587910518,0.10175552677614814
964,dcf530a3-9f98-44ae-afee-190f718ab73f,7,1,0,0.36946682451146373,0.047030994628692084
965,dcf530a3-9f98-44ae-afee-190f718ab73f,8,0,0,0.38580454557178484,0.09161580675600868
966,ddec90ed-1d0a-48d0-9cc8-24970f57d63d,1,1,0,0.5752589496244679,0.6086272663221797
967,ddec90ed-1d0a-48d0-9cc8-24970f57d63d,2,0,0,0.6308734268570582,0.760396353933547
968,ddec90ed-1d0a-48d0-9cc8-24970f57d63d,3,1,0,0.5646182718829909,0.5795893964589668
969,ddec90ed-1d0a-48d0-9cc8-24970f57d63d,4,1,0,0.6225816190653655,0.737768431029031
970,ddec90ed-1d0a-48d0-9cc8-24970f57d63d,5,1,0,0.6643166252079207,0.8516611459999923
971,ddec90ed-1d0a-48d0-9cc8-24970f57d63d,6,1,0,0.6898570028327923,0.9213595411348663
972,ddec90ed-1d0a-48d0-9cc8-24970f57d63d,7,0,0,0.7039625963296621,0.9598529903546363
973,ddec90ed-1d0a-48d0-9cc8-24970f57d63d,8,0,0,0.6864881454815901,0.9121661002912802
974,e0ae0df8-972c-4bb7-8d86-138a200094bc,1,1,0,0.5752589496244679,0.6086272663221797
975,e0ae0df8-972c-4bb7-8d86-138a200094bc,2,0,0,0.6308734268570582,0.760396353933547
976,e0ae0df8-972c-4bb7-8d86-138a200094bc,3,1,0,0.5646182718829909,0.5795893964589668
977,e0c8a411-69d3-401f-95ec-34e92a42aaee,1,1,0,0.5752589496244679,0.6086272663221797
978,e0c8a411-69d3-401f-95ec-34e92a42aaee,2,1,0,0.6308734268570582,0.760396353933547
979,e0c8a411-69d3-401f-95ec-34e92a42aaee,3,1,0,0.6696599176647287,0.8662427201037801
980,e0c8a411-69d3-401f-95ec-34e92a42aaee,4,0,0,0.6928970321169574,0.9296556268616097
981,e0c8a411-69d3-401f-95ec-34e92a42aaee,5,1,0,0.6643108698702619,0.851645439975431
982,e0c8a411-69d3-401f-95ec-34e92a42aaee,6,1,0,0.68985370200721,0.9213505333492695
983,e0c8a411-69d3-401f-95ec-34e92a42aaee,7,1,0,0.7039608408138389,0.9598481996409942
984,e0c8a411-69d3-401f-95ec-34e92a42aaee,8,1,0,0.7113132841682983,0.9799126446406979
985,e1197b46-568c-4510-ae65-d9e64c22169e,1,1,0,0.5752589496244679,0.6086272663221797
986,e1197b46-568c-4510-ae65-d9e64c22169e,2,0,0,0.6308734268570582,0.760396353933547
987,e1197b46-568c-4510-ae65-d9e64c22169e,3,1,0,0.5646182718829909,0.5795893964589668
988,e1197b46-568c-4510-ae65-d9e64c22169e,4,1,0,0.6225816190653655,0.737768431029031
989,e1197b46-568c-4510-ae65-d9e64c22169e,5,0,0,0.6643166252079207,0.8516611459999923
990,e1197b46-568c-4510-ae65-d9e64c22169e,6,1,0,0.6137959355421284,0.713792746302419
991,e1197b46-568c-4510-ae65-d9e64c22169e,7,0,0,0.658497556293444,0.8357812020745232
992,e1197b46-568c-4510-ae65-d9e64c22169e,8,0,0,0.6045469290699995,0.6885526767479387
993,e1197b46-568c-4510-ae65-d9e64c22169e,9,0,0,0.5317567209336626,0.48991189065025614
994,e1f1f7a5-aadc-45c1-b1a1-d3541705aad9,1,1,0,0.5752589496244679,0.6086272663221797
995,e30f9f45-5fb0-40e7-9a6d-947c1e9054cc,1,1,0,0.5752589496244679,0.6086272663221797
996,e30f9f45-5fb0-40e7-9a6d-947c1e9054cc,2,1,0,0.6308734268570582,0.760396353933547
997,e30f9f45-5fb0-40e7-9a6d-947c1e9054cc,3,1,0,0.6696599176647287,0.8662427201037801
998,e4b60d22-8a4b-405f-9bfc-0041caedc642,1,1,0,0.5752589496244679,0.6086272663221797
999,e5728c8b-018a-400c-8448-1e4d0b75cd2b,1,1,0,0.5752589496244679,0.6086272663221797
1000,e5728c8b-018a-400c-8448-1e4d0b75cd2b,2,0,0,0.6308734268570582,0.760396353933547
1001,e5728c8b-018a-400c-8448-1e4d0b75cd2b,3,1,0,0.5646182718829909,0.5795893964589668
1002,e5dd0494-44d0-4c30-a11c-543bbf89a503,1,1,0,0.5752589496244679,0.6086272663221797
1003,e5dd0494-44d0-4c30-a11c-543bbf89a503,2,1,0,0.6308734268570582,0.760396353933547
1004,e5dd0494-44d0-4c30-a11c-543bbf89a503,3,1,0,0.6696599176647287,0.8662427201037801
1005,e5dd0494-44d0-4c30-a11c-543bbf89a503,4,0,0,0.6928970321169574,0.9296556268616097
1006,e5dd0494-44d0-4c30-a11c-543bbf89a503,5,0,0,0.6643108698702619,0.851645439975431
1007,e5dd0494-44d0-4c30-a11c-543bbf89a503,6,1,0,0.613786629416133,0.7137673503565827
1008,e5dd0494-44d0-4c30-a11c-543bbf89a503,7,1,0,0.6584913041959105,0.8357641404174595
1009,e71a96b3-de07-4610-8693-144c9280dfb8,1,0,0,0.5752589496244679,0.6086272663221797
1010,e71a96b3-de07-4610-8693-144c9280dfb8,2,1,0,0.499985386711561,0.4032095309945493
1011,e71a96b3-de07-4610-8693-144c9280dfb8,3,1,0,0.5646334722780506,0.5796308775661235
1012,e71a96b3-de07-4610-8693-144c9280dfb8,4,0,0,0.6225936869618168,0.737801363706365
1013,e7daa693-cca3-435c-9199-f35ffc8f46c2,1,1,0,0.5752589496244679,0.6086272663221797
1014,e7daa693-cca3-435c-9199-f35ffc8f46c2,2,0,0,0.6308734268570582,0.760396353933547
1015,e7daa693-cca3-435c-9199-f35ffc8f46c2,3,1,0,0.5646182718829909,0.5795893964589668
1016,e7daa693-cca3-435c-9199-f35ffc8f46c2,4,1,0,0.6225816190653655,0.737768431029031
1017,e97bc5ed-3bcf-44dd-96f3-a81b6baaa81a,1,1,0,0.5752589496244679,0.6086272663221797
1018,e97bc5ed-3bcf-44dd-96f3-a81b6baaa81a,2,0,0,0.6308734268570582,0.760396353933547
1019,e97bc5ed-3bcf-44dd-96f3-a81b6baaa81a,3,1,0,0.5646182718829909,0.5795893964589668
1020,e97bc5ed-3bcf-44dd-96f3-a81b6baaa81a,4,1,0,0.6225816190653655,0.737768431029031
1021,e97bc5ed-3bcf-44dd-96f3-a81b6baaa81a,5,1,0,0.6643166252079207,0.8516611459999923
1022,e97bc5ed-3bcf-44dd-96f3-a81b6baaa81a,6,1,0,0.6898570028327923,0.9213595411348663
1023,e9f73929-3dc4-44c2-b9cc-3b4ddf4c983e,1,1,0,0.5752589496244679,0.6086272663221797
1024,e9f73929-3dc4-44c2-b9cc-3b4ddf4c983e,2,1,0,0.6308734268570582,0.760396353933547
1025,e9f73929-3dc4-44c2-b9cc-3b4ddf4c983e,3,1,0,0.6696599176647287,0.8662427201037801
1026,e9f73929-3dc4-44c2-b9cc-3b4ddf4c983e,4,0,0,0.6928970321169574,0.9296556268616097
1027,e9fb24fb-d46a-4f07-bd11-44e6ae59388b,1,0,0,0.5752589496244679,0.6086272663221797
1028,e9fb24fb-d46a-4f07-bd11-44e6ae59388b,2,0,0,0.499985386711561,0.4032095309945493
1029,e9fb24fb-d46a-4f07-bd11-44e6ae59388b,3,1,0,0.4354049807995527,0.22697287876735428
1030,ead1ba7f-d170-4236-995e-be312f65d022,1,0,0,0.5752589496244679,0.6086272663221797
1031,ead1ba7f-d170-4236-995e-be312f65d022,2,1,0,0.499985386711561,0.4032095309945493
1032,ead1ba7f-d170-4236-995e-be312f65d022,3,1,0,0.5646334722780506,0.5796308775661235
1033,ead1ba7f-d170-4236-995e-be312f65d022,4,1,0,0.6225936869618168,0.737801363706365
1034,ead1ba7f-d170-4236-995e-be312f65d022,5,1,0,0.6643245052550705,0.8516826502489891
1035,ead1ba7f-d170-4236-995e-be312f65d022,6,1,0,0.6898615221379814,0.9213718740895093
1036,ead1ba7f-d170-4236-995e-be312f65d022,7,1,0,0.7039649998561851,0.9598595494566112
1037,ead1ba7f-d170-4236-995e-be312f65d022,8,0,0,0.7113154083517538,0.9799184414296099
1038,eb1d5ba0-29cc-4476-8ef7-6561510faf64,1,0,0,0.5752589496244679,0.6086272663221797
1039,eb1d5ba0-29cc-4476-8ef7-6561510faf64,2,0,0,0.499985386711561,0.4032095309945493
1040,eb1d5ba0-29cc-4476-8ef7-6561510faf64,3,0,0,0.4354049807995527,0.22697287876735428
1041,ec0fdfa8-8b9e-4bda-bdc3-e8a9b1b6c130,1,0,0,0.5752589496244679,0.6086272663221797
1042,ec0fdfa8-8b9e-4bda-bdc3-e8a9b1b6c130,2,1,0,0.499985386711561,0.4032095309945493
1043,ec0fdfa8-8b9e-4bda-bdc3-e8a9b1b6c130,3,0,0,0.5646334722780506,0.5796308775661235
1044,ec0fdfa8-8b9e-4bda-bdc3-e8a9b1b6c130,4,0,0,0.48951568259858413,0.3746382394917618
1045,ec0fdfa8-8b9e-4bda-bdc3-e8a9b1b6c130,5,1,0,0.42793130012987113,0.20657758328354459
1046,ec0fdfa8-8b9e-4bda-bdc3-e8a9b1b6c130,6,0,0,0.4793969933625344,0.34702484978469617
1047,ec0fdfa8-8b9e-4bda-bdc3-e8a9b1b6c130,7,1,0,0.42099384139675433,0.18764561026753893
1048,ec0fdfa8-8b9e-4bda-bdc3-e8a9b1b6c130,8,0,0,0.4696504893685627,0.32042713472609263
1049,ec0fdfa8-8b9e-4bda-bdc3-e8a9b1b6c130,9,0,0,0.4145618530046997,0.1700930401749268
1050,ecfec505-2067-41fb-a115-cfc564aeeeba,1,0,0,0.5752589496244679,0.6086272663221797
1051,ecfec505-2067-41fb-a115-cfc564aeeeba,2,0,0,0.499985386711561,0.4032095309945493
1052,ecfec505-2067-41fb-a115-cfc564aeeeba,3,1,0,0.4354049807995527,0.22697287876735428
1053,edbea4c8-f5a8-4ec4-8a48-c1f3fd73ce0f,1,1,0,0.5752589496244679,0.6086272663221797
1054,edbea4c8-f5a8-4ec4-8a48-c1f3fd73ce0f,2,1,0,0.6308734268570582,0.760396353933547
1055,edbea4c8-f5a8-4ec4-8a48-c1f3fd73ce0f,3,1,0,0.6696599176647287,0.8662427201037801
1056,edbea4c8-f5a8-4ec4-8a48-c1f3fd73ce0f,4,0,0,0.6928970321169574,0.9296556268616097
1057,edbea4c8-f5a8-4ec4-8a48-c1f3fd73ce0f,5,1,0,0.6643108698702619,0.851645439975431
1058,edbea4c8-f5a8-4ec4-8a48-c1f3fd73ce0f,6,0,0,0.68985370200721,0.9213505333492695
1059,edbea4c8-f5a8-4ec4-8a48-c1f3fd73ce0f,7,0,0,0.658488984115037,0.8357578090344298
1060,edbea4c8-f5a8-4ec4-8a48-c1f3fd73ce0f,8,0,0,0.6045335366858036,0.6885161296107273
1061,ee4278aa-9b70-4fd4-bc6a-671a8a9255cd,1,1,0,0.5752589496244679,0.6086272663221797
1062,ee4278aa-9b70-4fd4-bc6a-671a8a9255cd,2,1,0,0.6308734268570582,0.760396353933547
1063,ee4278aa-9b70-4fd4-bc6a-671a8a9255cd,3,0,0,0.6696599176647287,0.8662427201037801
1064,eee12df2-8090-4fce-86b3-a122bccc1901,1,1,0,0.5752589496244679,0.6086272663221797
1065,eee12df2-8090-4fce-86b3-a122bccc1901,2,0,0,0.6308734268570582,0.760396353933547
1066,eee12df2-8090-4fce-86b3-a122bccc1901,3,1,0,0.5646182718829909,0.5795893964589668
1067,eee12df2-8090-4fce-86b3-a122bccc1901,4,1,0,0.6225816190653655,0.737768431029031
1068,f1ccc5f8-252d-46cf-9bcc-2568c15577d6,1,0,0,0.5752589496244679,0.6086272663221797
1069,f1ccc5f8-252d-46cf-9bcc-2568c15577d6,2,0,0,0.499985386711561,0.4032095309945493
1070,f1ccc5f8-252d-46cf-9bcc-2568c15577d6,3,1,0,0.4354049807995527,0.22697287876735428
1071,f1ccc5f8-252d-46cf-9bcc-2568c15577d6,4,0,0,0.4895493143362438,0.37473001879803935
1072,f1ccc5f8-252d-46cf-9bcc-2568c15577d6,5,0,0,0.42795481693615794,0.20664175945513322
1073,f1ccc5f8-252d-46cf-9bcc-2568c15577d6,6,1,0,0.3895201587910518,0.10175552677614814
1074,f1ccc5f8-252d-46cf-9bcc-2568c15577d6,7,0,0,0.42107243374488595,0.18786008479940047
1075,f1ccc5f8-252d-46cf-9bcc-2568c15577d6,8,0,0,0.38573355802783654,0.09142208534904926
1076,f485a50a-71ca-4cc8-a789-5fc28244a6fc,1,0,0,0.5752589496244679,0.6086272663221797
1077,f485a50a-71ca-4cc8-a789-5fc28244a6fc,2,1,0,0.499985386711561,0.4032095309945493
1078,f485a50a-71ca-4cc8-a789-5fc28244a6fc,3,0,0,0.5646334722780506,0.5796308775661235
1079,f485a50a-71ca-4cc8-a789-5fc28244a6fc,4,0,0,0.48951568259858413,0.3746382394917618
1080,f49c80f2-e7cf-4ace-a7a0-b4a8d160d8d1,1,1,0,0.5752589496244679,0.6086272663221797
1081,f49c80f2-e7cf-4ace-a7a0-b4a8d160d8d1,2,1,0,0.6308734268570582,0.760396353933547
1082,f49c80f2-e7cf-4ace-a7a0-b4a8d160d8d1,3,1,0,0.6696599176647287,0.8662427201037801
1083,f49c80f2-e7cf-4ace-a7a0-b4a8d160d8d1,4,1,0,0.6928970321169574,0.9296556268616097
1084,f49c80f2-e7cf-4ace-a7a0-b4a8d160d8d1,5,0,0,0.7055723085348765,0.9642458133183507
1085,f49c80f2-e7cf-4ace-a7a0-b4a8d160d8d1,6,0,0,0.689853169960224,0.9213490814200302
1086,f49c80f2-e7cf-4ace-a7a0-b4a8d160d8d1,7,0,0,0.6584879762989876,0.8357550587555473
1087,f49c80f2-e7cf-4ace-a7a0-b4a8d160d8d1,8,0,0,0.604531962210743,0.6885118329481441
1088,f64b492d-0101-4df9-878b-cf015637f060,1,1,0,0.5752589496244679,0.6086272663221797
1089,f64b492d-0101-4df9-878b-cf015637f060,2,0,0,0.6308734268570582,0.760396353933547
1090,f64b492d-0101-4df9-878b-cf015637f060,3,1,0,0.5646182718829909,0.5795893964589668
1091,f777e49a-ca29-4b37-8d59-07b48586a501,1,0,0,0.5752589496244679,0.6086272663221797
1092,f777e49a-ca29-4b37-8d59-07b48586a501,2,1,0,0.499985386711561,0.4032095309945493
1093,f7dca49f-8687-41ef-8eef-bd377c7ec00a,1,1,0,0.5752589496244679,0.6086272663221797
1094,f7dca49f-8687-41ef-8eef-bd377c7ec00a,2,1,0,0.6308734268570582,0.760396353933547
1095,f7dca49f-8687-41ef-8eef-bd377c7ec00a,3,1,0,0.6696599176647287,0.8662427201037801
1096,f80bee3e-cf94-4333-9cf6-d8aac59b1e10,1,1,0,0.5752589496244679,0.6086272663221797
1097,f80bee3e-cf94-4333-9cf6-d8aac59b1e10,2,1,0,0.6308734268570582,0.760396353933547
1098,f80bee3e-cf94-4333-9cf6-d8aac59b1e10,3,1,0,0.6696599176647287,0.8662427201037801
1099,f80bee3e-cf94-4333-9cf6-d8aac59b1e10,4,1,0,0.6928970321169574,0.9296556268616097
1100,f80bee3e-cf94-4333-9cf6-d8aac59b1e10,5,1,0,0.7055723085348765,0.9642458133183507
1101,f80bee3e-cf94-4333-9cf6-d8aac59b1e10,6,0,0,0.7121344480325752,0.9821535591770246
1102,f80bee3e-cf94-4333-9cf6-d8aac59b1e10,7,0,0,0.7039604191780366,0.9598470490182754
1103,f8cbd847-bd24-478d-b468-37685bc3f5b3,1,1,0,0.5752589496244679,0.6086272663221797
1104,f8cbd847-bd24-478d-b468-37685bc3f5b3,2,1,0,0.6308734268570582,0.760396353933547
1105,f8cbd847-bd24-478d-b468-37685bc3f5b3,3,1,0,0.6696599176647287,0.8662427201037801
1106,f8cbd847-bd24-478d-b468-37685bc3f5b3,4,1,0,0.6928970321169574,0.9296556268616097
1107,f8cbd847-bd24-478d-b468-37685bc3f5b3,5,1,0,0.7055723085348765,0.9642458133183507
1108,f8cbd847-bd24-478d-b468-37685bc3f5b3,6,1,0,0.7121344480325752,0.9821535591770246
1109,f8cbd847-bd24-478d-b468-37685bc3f5b3,7,1,0,0.7154399710407646,0.9911741638108357
1110,f8cbd847-bd24-478d-b468-37685bc3f5b3,8,0,0,0.7170820847926505,0.9956554089520155
1111,f98d1427-c321-4b73-a346-d2efb523a262,1,0,0,0.5752589496244679,0.6086272663221797
1112,f98d1427-c321-4b73-a346-d2efb523a262,2,0,0,0.499985386711561,0.4032095309945493
1113,f98d1427-c321-4b73-a346-d2efb523a262,3,1,0,0.4354049807995527,0.22697287876735428
1114,f98d1427-c321-4b73-a346-d2efb523a262,4,0,0,0.4895493143362438,0.37473001879803935
1115,f98d1427-c321-4b73-a346-d2efb523a262,5,0,0,0.42795481693615794,0.20664175945513322
1116,f98d1427-c321-4b73-a346-d2efb523a262,6,1,0,0.3895201587910518,0.10175552677614814
1117,f98d1427-c321-4b73-a346-d2efb523a262,7,0,0,0.42107243374488595,0.18786008479940047
1118,f98d1427-c321-4b73-a346-d2efb523a262,8,0,0,0.38573355802783654,0.09142208534904926
1119,fb79e523-fe36-420d-a95c-bcce0f9fe05a,1,1,0,0.5752589496244679,0.6086272663221797
1120,fb79e523-fe36-420d-a95c-bcce0f9fe05a,2,1,0,0.6308734268570582,0.760396353933547
1121,fb79e523-fe36-420d-a95c-bcce0f9fe05a,3,1,0,0.6696599176647287,0.8662427201037801
1122,fb79e523-fe36-420d-a95c-bcce0f9fe05a,4,1,0,0.6928970321169574,0.9296556268616097
1123,fb79e523-fe36-420d-a95c-bcce0f9fe05a,5,1,0,0.7055723085348765,0.9642458133183507
1124,fb79e523-fe36-420d-a95c-bcce0f9fe05a,6,1,0,0.7121344480325752,0.9821535591770246
1125,fb79e523-fe36-420d-a95c-bcce0f9fe05a,7,0,0,0.7154399710407646,0.9911741638108357
1126,fb79e523-fe36-420d-a95c-bcce0f9fe05a,8,0,0,0.7113130341137142,0.9799119622544205
1127,fbd11ff8-f1f4-4cbc-bb62-e9a0a337fc08,1,1,0,0.5752589496244679,0.6086272663221797
1128,fbd11ff8-f1f4-4cbc-bb62-e9a0a337fc08,2,1,0,0.6308734268570582,0.760396353933547
1129,fbd11ff8-f1f4-4cbc-bb62-e9a0a337fc08,3,1,0,0.6696599176647287,0.8662427201037801
1130,fbd11ff8-f1f4-4cbc-bb62-e9a0a337fc08,4,0,0,0.6928970321169574,0.9296556268616097
1131,fcb7d826-dd8c-42fe-b3d1-8745b8897021,1,0,0,0.5752589496244679,0.6086272663221797
1132,fcb7d826-dd8c-42fe-b3d1-8745b8897021,2,0,0,0.499985386711561,0.4032095309945493
1133,fcb7d826-dd8c-42fe-b3d1-8745b8897021,3,1,0,0.4354049807995527,0.22697287876735428
1134,fd5d83b2-142f-4333-bb91-e829aec503b1,1,1,0,0.5752589496244679,0.6086272663221797
1135,fd5d83b2-142f-4333-bb91-e829aec503b1,2,1,0,0.6308734268570582,0.760396353933547
1136,fd5d83b2-142f-4333-bb91-e829aec503b1,3,0,0,0.6696599176647287,0.8662427201037801
1137,fd5d83b2-142f-4333-bb91-e829aec503b1,4,0,0,0.6225757041697492,0.7377522895788963
1138,ff35defa-6ff1-435a-aa6c-2ba33b479fbb,1,1,0,0.5752589496244679,0.6086272663221797
1139,ff35defa-6ff1-435a-aa6c-2ba33b479fbb,2,1,0,0.6308734268570582,0.760396353933547
1140,ff35defa-6ff1-435a-aa6c-2ba33b479fbb,3,0,0,0.6696599176647287,0.8662427201037801
1141,ff35defa-6ff1-435a-aa6c-2ba33b479fbb,4,1,0,0.6225757041697492,0.7377522895788963
1142,ff35defa-6ff1-435a-aa6c-2ba33b479fbb,5,1,0,0.6643127628112862,0.8516506057154766
1143,ff35defa-6ff1-435a-aa6c-2ba33b479fbb,6,1,0,0.6898547876610598,0.9213534960435618
1144,ff35defa-6ff1-435a-aa6c-2ba33b479fbb,7,1,0,0.7039614182113972,0.9598497753296457
1145,ff35defa-6ff1-435a-aa6c-2ba33b479fbb,8,0,0,0.7113135790690179,0.9799134494098046
